-- phpMyAdmin SQL Dump
-- version 4.9.2
-- https://www.phpmyadmin.net/
--
-- Host: 127.0.0.1:3306
-- Generation Time: Jun 22, 2020 at 06:58 AM
-- Server version: 10.4.13-MariaDB
-- PHP Version: 7.3.12

SET SQL_MODE = "NO_AUTO_VALUE_ON_ZERO";
SET AUTOCOMMIT = 0;
START TRANSACTION;
SET time_zone = "+00:00";


/*!40101 SET @OLD_CHARACTER_SET_CLIENT=@@CHARACTER_SET_CLIENT */;
/*!40101 SET @OLD_CHARACTER_SET_RESULTS=@@CHARACTER_SET_RESULTS */;
/*!40101 SET @OLD_COLLATION_CONNECTION=@@COLLATION_CONNECTION */;
/*!40101 SET NAMES utf8mb4 */;

--
-- Database: `webshop`
--

-- --------------------------------------------------------

--
-- Table structure for table `admin`
--

DROP TABLE IF EXISTS `admin`;
CREATE TABLE IF NOT EXISTS `admin` (
  `id` int(11) NOT NULL AUTO_INCREMENT,
  `name` varchar(100) COLLATE utf8_unicode_ci NOT NULL,
  `email` varchar(100) COLLATE utf8_unicode_ci NOT NULL,
  `password` varchar(40) COLLATE utf8_unicode_ci NOT NULL,
  `level` int(11) NOT NULL,
  `created` int(11) NOT NULL,
  PRIMARY KEY (`id`)
) ENGINE=MyISAM AUTO_INCREMENT=3 DEFAULT CHARSET=utf8 COLLATE=utf8_unicode_ci;

--
-- Dumping data for table `admin`
--

INSERT INTO `admin` (`id`, `name`, `email`, `password`, `level`, `created`) VALUES
(1, 'Lê Hải Linh', 'admin@gmail.com', '81dc9bdb52d04dc20036dbd8313ed055', 0, 2147483647);

-- --------------------------------------------------------

--
-- Table structure for table `catalog`
--

DROP TABLE IF EXISTS `catalog`;
CREATE TABLE IF NOT EXISTS `catalog` (
  `id` int(11) NOT NULL AUTO_INCREMENT,
  `name` varchar(100) COLLATE utf8_unicode_ci NOT NULL,
  `description` varchar(255) COLLATE utf8_unicode_ci DEFAULT NULL,
  `parent_id` int(11) NOT NULL,
  `sort_order` tinyint(4) NOT NULL,
  `created` datetime NOT NULL,
  PRIMARY KEY (`id`)
) ENGINE=MyISAM AUTO_INCREMENT=44 DEFAULT CHARSET=utf8 COLLATE=utf8_unicode_ci;

--
-- Dumping data for table `catalog`
--

INSERT INTO `catalog` (`id`, `name`, `description`, `parent_id`, `sort_order`, `created`) VALUES
(1, 'Sản Phẩm', '', 0, 1, '2017-04-22 05:35:21'),
(2, 'Bán chạy', '', 0, 2, '2017-04-22 05:35:48'),
(3, 'Khuyến mại', '', 0, 3, '2017-04-22 05:35:59'),
(4, 'Giỏ hàng', '', 0, 4, '2017-04-22 05:36:49'),
(7, 'Đồ chơi trẻ em', '', 1, 1, '2017-04-22 05:37:23'),
(8, 'Đồ chơi thông minh', '', 1, 1, '2017-04-22 05:37:36'),
(9, 'Đồ chơi vận động', '', 1, 1, '2017-04-22 05:37:50'),
(10, 'Đồ chơi phát nhạc', '', 7, 1, '2017-04-22 09:08:19'),
(11, 'Đồ chơi gỗ', '', 7, 1, '2017-04-22 09:08:36'),
(12, 'Đồ chơi cho trẻ sơ sinh', '', 7, 1, '2017-04-22 09:09:01'),
(13, 'Đồ chơi nhà tắm', '', 7, 1, '2017-04-22 09:09:14'),
(14, 'Đồ chơi LEGO', '', 7, 1, '2017-04-22 09:09:31'),
(15, 'Đồ chơi vận động thể chất', '', 7, 1, '2017-04-22 09:09:46'),
(16, 'Đồ chơi Búp bê', '', 7, 1, '2017-04-22 09:10:10'),
(17, 'Đồ Chơi Nấu ăn', '', 8, 1, '2017-04-22 09:23:39'),
(18, 'Đồ chơi Âm nhạc', '', 8, 1, '2017-04-22 09:23:57'),
(19, 'Đồ chơi dưới 3 tuổi', '', 8, 1, '2017-04-22 09:25:55'),
(20, 'Đồ chơi Trang điểm', '', 8, 1, '2017-04-22 09:26:21'),
(21, 'Đồ chơi bác sỹ, sửa chữa', '', 8, 1, '2017-04-22 09:26:34'),
(25, 'Đồ chơi siêu nhân, robot', '', 8, 1, '0000-00-00 00:00:00'),
(26, 'Đồ chơi điều khiển từ xa', '', 8, 1, '0000-00-00 00:00:00'),
(27, 'Xếp hình thông minh', '', 8, 1, '0000-00-00 00:00:00'),
(28, 'Đồ chơi trí tuệ', '', 8, 1, '0000-00-00 00:00:00'),
(29, 'Đồ chơi cát, nước', '', 8, 1, '0000-00-00 00:00:00'),
(30, 'Nhà bóng, lều bóng', '', 9, 1, '0000-00-00 00:00:00'),
(31, 'Cầu trượt cho bé', '', 9, 1, '0000-00-00 00:00:00'),
(32, 'Nhà nhựa cho bé', '', 9, 1, '0000-00-00 00:00:00'),
(33, 'Quây bóng cho bé', '', 9, 1, '0000-00-00 00:00:00'),
(34, 'Bập bênh, nhún lò xo', '', 9, 1, '0000-00-00 00:00:00'),
(35, 'Giày trượt Patin', '', 9, 1, '0000-00-00 00:00:00'),
(36, 'Đồ dùng cho bé', '', 1, 1, '0000-00-00 00:00:00'),
(37, 'Bàn, ghế trẻ em', '', 36, 1, '0000-00-00 00:00:00'),
(38, 'Tủ, kệ trẻ em', '', 36, 1, '0000-00-00 00:00:00'),
(39, 'Đồ dùng trẻ em khác', '', 36, 1, '0000-00-00 00:00:00'),
(43, 'Xe scooter cho bé', '', 7, 1, '0000-00-00 00:00:00'),
(42, 'Xe chòi cho chân bé', '', 7, 1, '0000-00-00 00:00:00');

-- --------------------------------------------------------

--
-- Table structure for table `order`
--

DROP TABLE IF EXISTS `order`;
CREATE TABLE IF NOT EXISTS `order` (
  `id` int(11) NOT NULL AUTO_INCREMENT,
  `transaction_id` int(100) NOT NULL,
  `product_id` int(100) NOT NULL,
  `qty` int(100) NOT NULL DEFAULT 0,
  `amount` decimal(15,2) NOT NULL DEFAULT 0.00,
  `status` int(11) NOT NULL DEFAULT 0,
  PRIMARY KEY (`id`)
) ENGINE=MyISAM AUTO_INCREMENT=17 DEFAULT CHARSET=utf8 COLLATE=utf8_unicode_ci;

-- --------------------------------------------------------

--
-- Table structure for table `product`
--

DROP TABLE IF EXISTS `product`;
CREATE TABLE IF NOT EXISTS `product` (
  `id` int(255) NOT NULL AUTO_INCREMENT,
  `catalog_id` int(11) NOT NULL,
  `name` varchar(255) COLLATE utf8_unicode_ci NOT NULL,
  `content` text COLLATE utf8_unicode_ci NOT NULL,
  `price` decimal(15,2) NOT NULL DEFAULT 0.00,
  `discount` int(11) DEFAULT 0,
  `image_link` varchar(100) COLLATE utf8_unicode_ci NOT NULL,
  `image_list` text COLLATE utf8_unicode_ci NOT NULL,
  `view` int(11) NOT NULL DEFAULT 0,
  `buyed` int(255) NOT NULL,
  `rate_total` int(255) NOT NULL DEFAULT 4,
  `rate_count` int(255) NOT NULL DEFAULT 1,
  `created` int(11) NOT NULL,
  PRIMARY KEY (`id`)
) ENGINE=MyISAM AUTO_INCREMENT=158 DEFAULT CHARSET=utf8 COLLATE=utf8_unicode_ci;

--
-- Dumping data for table `product`
--

INSERT INTO `product` (`id`, `catalog_id`, `name`, `content`, `price`, `discount`, `image_link`, `image_list`, `view`, `buyed`, `rate_total`, `rate_count`, `created`) VALUES
(62, 11, 'Đồ chơi gỗ GCB - Luồn hạt xe kéo LH08', '<p><strong>Luồn hạt xe k&eacute;o LH08</strong>&nbsp;c&oacute; 2 chức năng: vừa l&agrave; chiếc xe để b&eacute; k&eacute;o đi chơi, vừa l&agrave; bộ luồn hạt zigzac, gi&uacute;p b&eacute; r&egrave;n luyện phản xạ, kết hợp cử động linh hoạt giữa tay v&agrave; mắt. Sản phẩm l&agrave; m&oacute;n&nbsp;<a href=\"https://shoptretho.com.vn/danh-muc/do-choi-go\">đồ chơi tr&iacute; tuệ</a>&nbsp;v&agrave; an to&agrave;n d&agrave;nh cho c&aacute;c b&eacute; từ 3 tuổi trở l&ecirc;n.&nbsp;</p>\r\n\r\n<p>- Chất liệu: Gỗ tự nhi&ecirc;n an to&agrave;n cho b&eacute;.</p>\r\n\r\n<p>- Đồ chơi thiết kế 2 trong 1: vừa l&agrave; xe k&eacute;o vừa l&agrave;&nbsp;<a href=\"https://shoptretho.com.vn/danh-muc/do-choi-tre-em\">đồ chơi</a>&nbsp;luồn hạt cho b&eacute; tăng cường nhiều khả năng vận động</p>\r\n\r\n<p>- M&agrave;u sắc bắt mắt, h&igrave;nh khối đa dạng, ph&ugrave; hợp với t&acirc;m l&yacute; trẻ em</p>\r\n\r\n<p>- Thiết kế những hạt nhỏ m&agrave;u sắc theo đường zigzac</p>\r\n\r\n<p>- B&eacute; biết c&aacute;ch kết hợp phản xạ của tay, linh hoạt</p>\r\n\r\n<p>- Ph&aacute;t triển khả năng tư duy, s&aacute;ng tạo, logic</p>\r\n\r\n<p>- D&agrave;nh cho b&eacute; từ 3 tuổi</p>\r\n\r\n<p>- K&iacute;ch thước: 16 x 16.5 x 11cm</p>\r\n\r\n<p>- Xuất xứ: Việt Nam</p>\r\n', '69000.00', 9000, 'do-choi-xe-keodd.jpg', '[\"do-choi-xe-keodd1.jpg\"]', 3, 0, 4, 1, 1592647681),
(61, 11, 'Đàn gõ Xylophone hình cá sấu DA30a', '<p><strong>Đ&agrave;n g&otilde; Xylophone h&igrave;nh c&aacute; sấu DA30a</strong>&nbsp;với 8 thanh nhạc m&agrave;u sắc, b&eacute; c&oacute; thể d&ugrave;ng thanh g&otilde; để tạo ra những &acirc;m thanh vui nhộn, khơi dậy năng khiếu &acirc;m nhạc của b&eacute; từ sớm. Sản phẩm được l&agrave;m từ chất liệu gỗ cao cấp, vừa nhẹ nh&agrave;ng, chi tiết tỉ mỉ đẹp mắt, lại vừa an to&agrave;n cho sức khỏe của b&eacute;, từ nay mẹ c&oacute; thể an t&acirc;m khi b&eacute; chơi đ&ugrave;a.</p>\r\n\r\n<p>- Chất liệu; gỗ an to&agrave;n, m&agrave;u sơn theo ti&ecirc;u chuẩn đồ chơi an to&agrave;n, kh&ocirc;ng c&oacute; g&oacute;c canh, ba via sắc nhọn</p>\r\n\r\n<p>- Thiết kế m&ocirc; phỏng theo đ&agrave;n Xylophone với 8 ph&iacute;m tạo ra mỗi nốt nhạc kh&aacute;c nhau</p>\r\n\r\n<p>- H&igrave;nh c&aacute; sấu m&agrave;u xanh c&oacute; tay cầm để b&eacute; cầm chơi dễ d&agrave;ng</p>\r\n\r\n<p>- Đồ chơi gi&uacute;p b&eacute; c&oacute; thi&ecirc;n hướng nghệ thuật ngay khi c&ograve;n nhỏ với &acirc;m thanh cực kỳ cuốn h&uacute;t.</p>\r\n\r\n<p>- Gi&uacute;p b&eacute; ph&aacute;t triển khả năng th&iacute;nh gi&aacute;c, thị gi&aacute;c, ph&acirc;n biệt m&agrave;u sắc, nhận biết &acirc;m thanh</p>\r\n\r\n<p>- K&iacute;ch thước 27x19x3.5 cm.</p>\r\n\r\n<p>- Độ tuổi: 3 tuổi trở l&ecirc;n</p>\r\n\r\n<p>- Đ&agrave;n c&oacute; nhiều m&agrave;u sắc, gi&uacute;p b&eacute; nhận biết m&agrave;u sắc</p>\r\n\r\n<p>- Xuất xứ: Việt Nam</p>\r\n\r\n<p>-C&Aacute;CH CHƠI: B&eacute; c&oacute; thể d&ugrave;ng thanh g&otilde; tập đ&aacute;nh đ&agrave;n với 8 thanh, tạo ra những &acirc;m trầm &acirc;m bổng vui tai.</p>\r\n\r\n<p><a href=\"https://shoptretho.com.vn/thuong-hieu/gcb\">Thương hiệu : GCB</a></p>\r\n', '78000.00', 12000, 'dan-xylophone-ca-sau-2.png', '[\"dan-xylophone-ca-sau-21.png\",\"dan-xylophone-ca-sau-4.png\"]', 2, 0, 4, 1, 1592647601),
(60, 11, 'Bảng số nhận biết số lượng BA130', '<p><strong>Bảng số nhận biết số lượng BA130</strong>&nbsp;l&agrave; d&ograve;ng sản phẩm l&agrave;m bằng gỗ tự nhi&ecirc;n được thiết kế với nhiều m&agrave;u sắc, h&igrave;nh khối kh&aacute;c nhau gi&uacute;p b&eacute; bước đầu tập l&agrave;m quen với c&aacute;c số từ 0 - 9. Mỗi số được minh họa bằng số lượng n&ecirc;n mẹ c&oacute; thể dạy cho b&eacute; dễ d&agrave;ng cũng như gi&uacute;p trẻ hứng th&uacute; hơn khi học.</p>\r\n\r\n<p>- Chất liệu gỗ tự nhi&ecirc;n, bề mặt nhẵn mịn, c&aacute;c g&oacute;c nhọn v&agrave; bề mặt được bo tr&ograve;n, m&agrave;i nhẵn an to&agrave;n cho b&eacute; khi chơi, gi&uacute;p b&eacute; kh&ocirc;ng bị đau hay xước tay khi cầm nắm.</p>\r\n\r\n<p>- Sản phẩm được thiết kế với nhiều h&igrave;nh khối kh&aacute;c nhau, gi&uacute;p b&eacute; kh&aacute;m ph&aacute; th&ocirc;ng qua qu&aacute; tr&igrave;nh chơi. Đồng thời, những con số cũng c&oacute; nhiều m&agrave;u sắc đ&aacute;ng y&ecirc;u như: v&agrave;ng, hồng, xanh... gi&uacute;p trẻ nhận biết sắc m&agrave;u v&agrave; kh&ocirc;ng cảm thấy nh&agrave;m ch&aacute;n trong qu&aacute; tr&igrave;nh học.</p>\r\n\r\n<p>- Mỗi số đều c&oacute; h&igrave;nh minh họa n&ecirc;n mẹ c&oacute; thể dạy b&eacute; số đếm dễ hiểu v&agrave; đơn giản th&uacute; vị hơn</p>\r\n\r\n<p>- Bảng bằng số, c&aacute;c số c&oacute; thể l&ocirc;i ra gh&eacute;p l&agrave;m dễ d&agrave;ng</p>\r\n\r\n<p>- Gi&uacute;p b&eacute; ph&aacute;t triển tr&iacute; tuệ, học số, nhận biết m&agrave;u sắc, gọi t&ecirc;n đồ vật</p>\r\n\r\n<p>- K&iacute;ch thước: 22х22х0,8 сm</p>\r\n\r\n<p>- Độ tuổi: 3 tuổi trở l&ecirc;n</p>\r\n\r\n<p>- Xuất xứ: Việt Nam</p>\r\n', '50000.00', 5000, 'bang-so-noi-bang-go-ba130-2.png', '[\"bang-so-noi-bang-go-ba130-21.png\"]', 1, 0, 9, 2, 1592647513),
(59, 11, 'Bé tập làm toán WD418', '<p>Khi b&eacute; bước v&agrave;o độ tuổi từ 3 tuổi trở l&ecirc;n th&igrave; khả năng tiếp thu sự vật, h&igrave;nh ảnh, con số ng&agrave;y c&agrave;ng ph&aacute;t triển hơn.&nbsp;<strong>Bộ đồ chơi gh&eacute;p h&igrave;nh &quot;B&eacute; tập l&agrave;m to&aacute;n&quot;</strong>&nbsp;WD418 l&agrave; tr&ograve; chơi xếp h&igrave;nh gi&uacute;p b&eacute; y&ecirc;u của bạn n&acirc;ng cao khả năng tư duy, logic v&agrave; r&egrave;n luyện t&iacute;nh ki&ecirc;n nhẫn kh&eacute;o l&eacute;o.&nbsp;H&igrave;nh ảnh c&aacute;c mảnh gh&eacute;p được thiết kế nhiều m&agrave;u sắc hấp dẫn.</p>\r\n\r\n<h3>Ưu điểm nổi bật của bộ đồ chơi gh&eacute;p h&igrave;nh b&eacute; tập l&agrave;m to&aacute;n WD418</h3>\r\n\r\n<p>- Bộ&nbsp;<a href=\"https://shoptretho.com.vn/danh-muc/do-choi-tre-em\">đồ chơi</a>&nbsp;gh&eacute;p h&igrave;nh &quot;B&eacute; tập l&agrave;m to&aacute;n&quot; l&agrave; một sản phẩm được thiết kế th&ocirc;ng minh gi&uacute;p b&eacute; vừa chơi vừa học nhận diện một số h&igrave;nh ảnh v&agrave; l&agrave;m to&aacute;n trong phạm vi dưới 20.</p>\r\n\r\n<p>- Sản phẩm c&oacute;&nbsp;m&agrave;u sắc bắt mắt v&agrave; những h&igrave;nh ảnh minh họa đ&aacute;ng y&ecirc;u gần gũi với cuộc sống sẽ tạo b&eacute; sự hứng th&uacute;.</p>\r\n\r\n<p>- Tập l&agrave;m to&aacute;n WD418 được l&agrave;m bằng chất liệu giấy cao cấp.</p>\r\n\r\n<p>- Sản phẩm d&agrave;nh cho c&aacute;c b&eacute; từ 3 tuổi trở l&ecirc;n</p>\r\n\r\n<p><em>Đ&acirc;y l&agrave; bộ sản phẩm gi&uacute;p b&eacute; vừa chơi vừa học rất hiệu quả</em></p>\r\n\r\n<p><strong>Hướng dẫn sử dụng đồ chơi b&eacute; tập l&agrave;m to&aacute;n</strong></p>\r\n\r\n<p>- Đưa b&eacute; quan s&aacute;t c&aacute;c mảnh gh&eacute;p sau đ&oacute; th&aacute;o rời, đặt l&ecirc;n b&agrave;n v&agrave; trộn đều.</p>\r\n\r\n<p>- Hướng dẫn hay đặt c&aacute;c c&acirc;u hỏi gợi &yacute; v&agrave;o c&aacute;c con số, miếng gh&eacute;p.&nbsp;C&aacute;c b&eacute; sẽ quan s&aacute;t, đếm số, l&agrave;m ph&eacute;p t&iacute;nh để t&igrave;m được mảnh gh&eacute;p đ&uacute;ng.</p>\r\n\r\n<p><a href=\"https://shoptretho.com.vn/thuong-hieu/woody\">Thương hiệu : Woody</a></p>\r\n', '97000.00', 10000, 'be-tap-lam-toan-wd418-4.jpg', '[\"be-tap-lam-toan-wd418-2.jpg\",\"be-tap-lam-toan-wd418-3.jpg\",\"be-tap-lam-toan-wd418-41.jpg\"]', 1, 0, 4, 1, 1592646444),
(58, 11, 'Đồ chơi gỗ GCB - Que tính toán học BA41', '<p><strong>Que t&iacute;nh to&aacute;n học BA41</strong>&nbsp;gồm c&aacute;c con số từ 0-9 v&agrave; c&aacute;c ph&eacute;p t&iacute;nh đơn giản cộng, trừ, nh&acirc;n, chia c&ugrave;ng với bộ que t&iacute;nh số học m&agrave;u sắc gi&uacute;p trẻ kh&ocirc;ng những t&iacute;nh to&aacute;n nhanh m&agrave; c&ograve;n nhận biết được m&agrave;u sắc v&agrave; gh&eacute;p c&aacute;c khối h&igrave;nh học đơn giản. Sản phẩm l&agrave; m&oacute;n đồ chơi gi&uacute;p b&eacute; vừa học vừa chơi đầy th&uacute; vị.</p>\r\n\r\n<p><em>Đồ chơi được l&agrave;m c</em><em>hất liệu gỗ c&oacute; độ bền cao, dễ lau ch&ugrave;i v&agrave; an to&agrave;n cho trẻ</em></p>\r\n\r\n<h3>Th&ocirc;ng tin nổi bật của đồ chơi que t&iacute;nh to&aacute;n học BA41</h3>\r\n\r\n<p>-&nbsp;<strong>Chất liệu:&nbsp;</strong>gỗ tự nhi&ecirc;n, c&aacute;c g&oacute;c cạnh đều được m&agrave;i nhẵn n&ecirc;n kh&ocirc;ng g&acirc;y tổn thương cho l&agrave;n da nhạy cảm của trẻ.&nbsp;</p>\r\n\r\n<p>- Bằng c&aacute;ch đếm số với que t&iacute;nh v&agrave; thực hiện c&aacute;c ph&eacute;p cộng, trừ, nh&acirc;n, chia đơn giản c&ugrave;ng c&aacute;c khối gỗ, b&eacute; sẽ được ph&aacute;t triển to&agrave;n diện nhất về tr&iacute; n&atilde;o, tư duy.</p>\r\n\r\n<p>- C&aacute;c que t&iacute;nh với m&agrave;u sắc bắt mắt c&ugrave;ng c&aacute;c khối gỗ xinh xắn cũng sẽ gi&uacute;p b&eacute; hứng th&uacute; hơn với việc học hỏi, cho b&eacute; những giờ học th&uacute; vị dưới sự hướng dẫn của bố mẹ.</p>\r\n\r\n<p>- Sản phẩm c&oacute; nhiều m&agrave;u sắc, thu h&uacute;t v&agrave; gi&uacute;p trẻ ph&acirc;n biệt sắc m&agrave;u</p>\r\n\r\n<p>- Bộ sản phẩm nhỏ gọn gi&uacute;p b&eacute; dễ d&agrave;ng mang đến lớp học hoặc cất giữ sau giờ chơi</p>\r\n\r\n<p>- D&agrave;nh cho b&eacute; từ 3 tuổi thuộc nh&oacute;m&nbsp;<a href=\"https://shoptretho.com.vn/danh-muc/do-choi-tre-em\">đồ chơi th&ocirc;ng minh cho b&eacute;</a>.</p>\r\n\r\n<p>- K&iacute;ch thước:&nbsp;24 x 16 x 3 cm</p>\r\n\r\n<p>- Xuất xứ: Việt Nam.</p>\r\n', '75000.00', 15000, 'bang-tinh-ayx0010-1av.jpg', '[\"bang-tinh-ayx0010-1av1.jpg\",\"bang-tinh-ayx0010-2av.jpg\",\"bang-tinh-ayx0010-3av.jpg\"]', 1, 0, 4, 1, 1592646276),
(57, 10, 'Đồ chơi đàn Piano hình chú thỏ đáng yêu', '<p>Đồ chơi &acirc;m nhạc c&oacute; khả năng ảnh hưởng đến sự ph&aacute;t triển v&agrave; c&aacute;c chức năng của n&atilde;o b&eacute; cũng như c&aacute;c phản xạ vận động. Ch&iacute;nh v&igrave; vậy, đồ chơi đ&agrave;n Piano h&igrave;nh ch&uacute; thỏ đ&aacute;ng y&ecirc;u với những &acirc;m thanh vui nhộn, m&ocirc; phỏng c&aacute;c nốt nhạc của đ&agrave;n Piano thật với thiết kế đ&aacute;ng y&ecirc;u sẽ l&agrave; m&oacute;n qu&agrave; vừa học vừa chơi d&agrave;nh cho c&aacute;c b&eacute; từ 3 th&aacute;ng tuổi trở l&ecirc;n. Th&ocirc;ng qua tiếng nhạc vui nhộn c&ugrave;ng m&agrave;u sắc nổi bật, b&eacute; sẽ ph&aacute;t triển c&aacute;c phản xạ về mắt, tay, cũng như th&iacute;nh gi&aacute;c đồng thời &acirc;m nhạc cũng l&agrave; yếu tố quan trọng để con bạn ph&aacute;t triển c&aacute;c kỹ năng, tư duy.&nbsp;</p>\r\n\r\n<p>- Chất liệu nhựa an to&agrave;n, đảm bảo sức khỏe cho b&eacute;, free BPA - kh&ocirc;ng chứa chất g&acirc;y ung thư cho trẻ</p>\r\n\r\n<p>- K&iacute;ch thước ph&ugrave; hợp d&agrave;nh cho b&eacute; từ&nbsp;3 th&aacute;ng trở l&ecirc;n.</p>\r\n\r\n<p>- Đ&agrave;n Piano h&igrave;nh ch&uacute; thỏ với c&aacute;c ph&iacute;m đ&agrave;n nhiều m&agrave;u sắc v&agrave; &acirc;m thanh sống động sẽ gi&uacute;p b&eacute; dễ d&agrave;ng nhận biết giai điệu, &acirc;m thanh v&agrave; ph&aacute;t triển th&iacute;nh gi&aacute;c.</p>\r\n\r\n<p>- Tạo niềm đam m&ecirc; &acirc;m nhạc cho b&eacute; ngay từ khi c&ograve;n nhỏ.</p>\r\n\r\n<p>- Đ&agrave;n được thiết kế h&igrave;nh ch&uacute; thỏ ngộ nghĩnh, đ&aacute;ng y&ecirc;u</p>\r\n\r\n<p>- Sản phẩm c&oacute; tay cầm gi&uacute;p b&eacute; dễ d&agrave;ng cầm nắm.</p>\r\n\r\n<p>Sản phẩm với thiết kế v&ocirc; c&ugrave;ng đẹp mắt v&agrave; tinh tế, với những nốt nhạc c&ugrave;ng với h&igrave;nh c&aacute;c con vật, bạn c&oacute; thể dạy b&eacute; nhận biết c&aacute;c c&aacute;c con vật. Tr&ecirc;n mỗi ph&iacute;m đ&agrave;n c&oacute; đ&aacute;nh số, mẹ c&oacute; thể dạy b&eacute; đếm v&agrave; nhận biết c&aacute;c số cơ bản. B&eacute; sẽ vừa chơi, vừa học thật bổ &iacute;ch.</p>\r\n\r\n<p>Theo Tổ chức Thế giới về gi&aacute;o dục sớm trẻ em (OMEP), nếu kh&ocirc;ng chơi, trẻ sẽ bị ngăn c&aacute;ch với cuộc sống n&agrave;y. Sự s&aacute;ng tạo th&ocirc;ng qua &quot;liệu ph&aacute;p&quot; chơi gi&uacute;p trẻ em ph&aacute;t triển to&agrave;n diện về thể chất v&agrave; tinh thần.&nbsp;Ngo&agrave;i ra, chơi c&ograve;n l&agrave; c&aacute;ch học gi&uacute;p b&eacute; kh&aacute;m ph&aacute; thế giới xung quanh v&agrave; ph&aacute;t triển t&iacute;nh th&ocirc;ng minh s&aacute;ng tạo. Bạn h&atilde;y l&agrave; người mẹ th&ocirc;ng minh trong việc chọn lựa đồ chơi th&iacute;ch hợp v&agrave; an to&agrave;n cho con nh&eacute;. Sản phẩm hiện đang được b&agrave;y b&aacute;n rộng r&atilde;i tại tất cả c&aacute;c cửa h&agrave;ng của&nbsp;<a href=\"https://shoptretho.com.vn/\">shop trẻ thơ</a>&nbsp;tr&ecirc;n to&agrave;n quốc hoặc bạn c&oacute; thể đặt mua online để được giao h&agrave;ng tận nh&agrave; nh&eacute;.&nbsp;</p>\r\n\r\n<p><strong>M&aacute;ch nhỏ cho mẹ khi cho b&eacute; chơi đồ chơi</strong></p>\r\n\r\n<p>- Khi trẻ chơi, bố mẹ kh&ocirc;ng n&ecirc;n cho nhiều đồ chơi, trẻ sẽ bị hoa mắt v&agrave; dễ ph&acirc;n t&aacute;n, l&uacute;c xem c&aacute;i n&agrave;y l&uacute;c sờ c&aacute;i nọ. Kết quả l&agrave; trẻ sẽ kh&ocirc;ng thực sự chơi c&aacute;i g&igrave;, kh&ocirc;ng bồi dưỡng được t&iacute;nh ki&ecirc;n tr&igrave; v&agrave; sức ch&uacute; &yacute;.</p>\r\n\r\n<p>- Chỉ n&ecirc;n để cho trẻ 1 hoặc 2 thứ đồ chơi, như vậy trẻ sẽ động n&atilde;o, t&igrave;m đủ mọi c&aacute;ch để t&igrave;m hiểu đồ chơi v&agrave; b&agrave;y ra nhiều tr&ograve; kh&aacute;c nhau. Khi đ&atilde; chơi ch&aacute;n rồi th&igrave; cha mẹ c&oacute; thể cho trẻ chơi đồ vật kh&aacute;c. V&iacute; dụ: đưa cho b&eacute; 1 quả b&oacute;ng v&agrave; dạy b&eacute; c&aacute;ch n&eacute;m b&oacute;ng cho mẹ sau đ&oacute; lại dạy b&eacute; m&agrave;u sắc tr&ecirc;n quả b&oacute;ng đ&oacute;.</p>\r\n\r\n<p>- Đối với trẻ b&eacute; hơn, nếu lặp lại nhiều lần một tr&ograve; chơi c&oacute; &yacute; nghĩa rất quan trọng. Khi lặp đi lặp lại c&aacute;ch chơi gi&uacute;p cho trẻ t&igrave;m thấy cảm hứng, cho n&ecirc;n người lớn kh&ocirc;ng cần chuẩn bị nhiều&nbsp;<a href=\"https://shoptretho.com.vn/danh-muc/do-choi-tre-em\">đồ chơi cho trẻ</a>&nbsp;ở độ tuổi n&agrave;y.</p>\r\n', '135000.00', 15000, 'piano-hinh-tho-1.jpg', '[\"piano-hinh-tho-11.jpg\",\"piano-hinh-tho-2.jpg\",\"piano-hinh-tho-3.jpg\",\"piano-hinh-tho-4.jpg\",\"piano-hinh-tho-5.jpg\",\"piano-hinh-tho-6.jpg\"]', 1, 0, 4, 1, 1592645718),
(56, 10, 'Đồ chơi cho bé hươu cao cổ 381A chạy bằng pin', '<p>Đối với c&aacute;c bậc cha mẹ, nhất l&agrave; những cha mẹ lần đầu c&oacute; con, việc chọn lựa&nbsp;<a href=\"https://shoptretho.com.vn/danh-muc/do-choi-tre-em\">đồ chơi cho b&eacute;</a>&nbsp;l&agrave; rất kh&oacute; khăn. Đồ chơi n&agrave;o vừa c&oacute; t&iacute;nh an to&agrave;n, vừa c&oacute; t&iacute;nh gi&aacute;o dục lại vừa ph&ugrave; hợp với sở th&iacute;ch của b&eacute; l&agrave; điều m&agrave; c&aacute;c bậc cha mẹ rất băn khoăn. Hơn nữa, đồ chơi của trẻ cũng rất nhiều chủng loại v&agrave; mẫu m&atilde;, chọn loại n&agrave;o ph&ugrave; hợp với t&uacute;i tiền của m&igrave;nh m&agrave; lại c&oacute; hiệu quả với b&eacute; cũng l&agrave; điều kh&oacute; khăn với c&aacute;c bậc cha mẹ. H&ocirc;m nay,&nbsp;<a href=\"https://shoptretho.com.vn/\">Shop Trẻ Thơ</a>&nbsp;xin giới thiệu đến c&aacute;c Bố, c&aacute;c Mẹ bộ đồ chơi cho b&eacute; hươu cao cổ 381A chạy bằng pin dễ thương để b&eacute; vừa học vừa chơi.</p>\r\n\r\n<p>M&ocirc; h&igrave;nh đồ chơi mang h&igrave;nh d&aacute;ng ngộ nghĩnh v&agrave; rất đ&aacute;ng y&ecirc;u ph&ugrave; hợp với c&aacute;c b&eacute; từ 3 tuổi trở l&ecirc;n.</p>\r\n\r\n<p>Với h&igrave;nh d&aacute;ng ngộ nghĩnh v&agrave; dễ thương của ch&uacute; hươu cao cổ sẽ thu h&uacute;t sự ch&uacute; &yacute; của b&eacute;.</p>\r\n\r\n<p>Sản phẩm đồ chơi rất dễ sử dụng v&agrave; tiết kiệm chi ph&iacute;.</p>\r\n\r\n<p>M&agrave;u sắc rực rỡ, sinh động.</p>\r\n', '100000.00', 15000, 'do-choi-huou-cao-co-cho-be-381a-chay-bang-pin-1.jpg', '[\"do-choi-huou-cao-co-cho-be-381a-chay-bang-pin-11.jpg\",\"do-choi-huou-cao-co-cho-be-381a-chay-bang-pin-2.jpg\"]', 0, 0, 4, 1, 1592645561),
(53, 10, 'Hộp Dance Hero Siêu Nhân', '<p><strong>Hộp Dance Hero Si&ecirc;u Nh&acirc;n No.923A, 924,925</strong>&nbsp;lấy cảm ứng từ bộ đồ chơi người sắt trong tựa phim hoạt h&igrave;nh Iron Man nổi tiếng. Đồ chơi được thiết kế d&agrave;nh cho c&aacute;c b&eacute; trai từ 3 tuổi trở l&ecirc;n với &acirc;m thanh v&agrave; &aacute;nh s&aacute;ng sinh động hấp dẫn. Mặt nạ của robot Iron Man c&oacute; thể n&acirc;ng l&ecirc;n v&agrave; hạ xuống một c&aacute;ch dễ d&agrave;ng gi&uacute;p b&eacute; cảm thấy th&iacute;ch th&uacute; hơn!</p>\r\n\r\n<p>-&nbsp;Mặt nạ c&oacute; thể mở ra v&agrave; đ&oacute;ng lại một c&aacute;ch dễ d&agrave;ng</p>\r\n\r\n<p>- Đồ chơi người sắt nhảy m&uacute;a dance hero No.923A c&oacute; hiệu ứng &acirc;m nhạc s&ocirc;i động &amp; &aacute;nh s&aacute;ng hấp dẫn</p>\r\n\r\n<p>- Đ&acirc;y l&agrave; một m&oacute;n qu&agrave; tặng kh&ocirc;ng thể thiếu trong c&aacute;c dịp nghỉ lễ, mừng sinh nhật, tặng qu&agrave; cho con khi đạt th&agrave;nh t&iacute;ch học tập tốt</p>\r\n\r\n<p>- Đồ chơi người sắt nhảy m&uacute;a Iron Man ph&ugrave; hợp cho c&aacute;c b&eacute; trai từ 3 tuổi</p>\r\n\r\n<p>- Với m&agrave;u sắc huyền thoại kết hợp bộ đ&egrave;n tr&ecirc;n mặt nạ, tay v&agrave; ngực. Khi đặt người sắt trong ph&ograve;ng tối v&agrave; bật c&ocirc;ng tắc khởi động th&igrave; ngay lập tức mu&ocirc;n v&agrave;n &aacute;nh s&aacute;ng sẽ ph&aacute;t ra li&ecirc;n tục gi&uacute;p cho người sắt trở n&ecirc;n sống động v&agrave; hấp dẫn hơn</p>\r\n\r\n<p>- Chất liệu: nhựa ABS cao cấp</p>\r\n\r\n<p>- K&iacute;ch thước hộp: 19x11x12 cm</p>\r\n\r\n<p>- Độ tuổi: 3+</p>\r\n\r\n<p>- Xuất xứ: Trung Quốc</p>\r\n', '125000.00', 15000, 'hop-dance-hero-nguoi-sat-no-923a-1.jpg', '[\"hop-dance-hero-nguoi-sat-no-923a-11.jpg\",\"hop-dance-hero-nguoi-sat-no-923a-2.jpg\",\"hop-dance-hero-nguoi-sat-no-923a-3.jpg\",\"hop-dance-hero-nguoi-sat-no-923a-4.jpg\"]', 3, 0, 9, 2, 1592641773),
(54, 10, 'Đàn Organ 49 phím HS-4980', '<h2>Đ&agrave;n Organ 49 ph&iacute;m HS-4980</h2>\r\n\r\n<p>Sản phẩm được l&agrave;m từ chất liệu an to&agrave;n kh&ocirc;ng g&acirc;y độc hại cho trẻ nhỏ, n&ecirc;n qu&yacute; phụ huynh ho&agrave;n to&agrave;n c&oacute; thể y&ecirc;n t&acirc;m sẽ kh&ocirc;ng g&acirc;y ảnh hưởng đến sức khỏe của b&eacute;.</p>\r\n', '500000.00', 50000, 'Dan-organ-49-phim-HS-4980-500x480.jpg', '[\"Dan-organ-49-phim-HS-4980-500x4801.jpg\"]', 0, 0, 4, 1, 1592642390),
(55, 10, 'Đồ chơi đàn ghi ta cho bé 928', '<p><strong>Đồ chơi&nbsp;đ&agrave;n ghi ta cho b&eacute; 928</strong>&nbsp;được l&agrave;m từ chất liệu nhựa cao cấp, với những &acirc;m thanh vui nhộn, m&agrave;u sắc nổi bật. Sản phẩm được m&ocirc; phỏng theo h&igrave;nh dạng của đ&agrave;n ghi ta thật qua đ&oacute; sẽ gi&uacute;p b&eacute; nhận biết được h&igrave;nh dạng của c&aacute;c nhạc cụ, những &acirc;m thanh vui nhộn sẽ tương t&aacute;c với tr&iacute; n&atilde;o v&agrave; cơ thể theo nhiều c&aacute;ch kh&aacute;c nhau khiến n&atilde;o bộ ghi nhớ rất r&otilde; v&agrave; l&acirc;u. Trẻ em cảm thấy rất vui vẻ khi được nhảy nh&oacute;t, khi&ecirc;u vũ, vỗ tay, v&agrave; h&aacute;t h&ograve; cũng những người th&acirc;n y&ecirc;u.</p>\r\n\r\n<p>Bộ đồ chơi ph&aacute;t được nhạc cho b&eacute; được l&agrave;m từ chất liệu nhựa an to&agrave;n, kh&ocirc;ng chứa c&aacute;c chất độc hại, th&acirc;n thiện với m&ocirc;i trường</p>\r\n\r\n<p>D&agrave;nh cho c&aacute;c b&eacute; từ 3 th&aacute;ng tuổi trở l&ecirc;n</p>\r\n\r\n<p>Sản phẩm được m&ocirc; phỏng theo h&igrave;nh dạng của đ&agrave;n ghi ta thật</p>\r\n\r\n<p>Sản phẩm được thiết kế vừa vặn với tay cầm của b&eacute;&nbsp;</p>\r\n\r\n<p>M&agrave;u sắc nổi bật thu h&uacute;t sự ch&uacute; &yacute; của trẻ, gi&uacute;p trẻ ph&aacute;t triển c&aacute;c kỹ năng nhận diện m&agrave;u sắc, &acirc;m thanh</p>\r\n\r\n<p>&Acirc;m nhạc l&agrave; ng&ocirc;n ngữ trẻ em hiểu theo bản năng. &Acirc;m nhạc dẫn dắt trẻ h&ograve;a nhịp với những giai điệu, kết hợp với ca từ, lắc lư theo nhịp đập. Trong khi đ&oacute;, những &acirc;m thanh vui nhộn sẽ tương t&aacute;c với tr&iacute; n&atilde;o v&agrave; cơ thể theo nhiều c&aacute;ch kh&aacute;c nhau khiến n&atilde;o bộ ghi nhớ rất r&otilde; v&agrave; l&acirc;u. Trẻ em cảm thấy rất vui vẻ khi được nhảy nh&oacute;t, khi&ecirc;u vũ, vỗ tay, v&agrave; h&aacute;t h&ograve; cũng những người th&acirc;n y&ecirc;u.</p>\r\n', '250000.00', 10000, 'do-choi-dan-ghi-ta-cho-be-928-1.jpg', '[\"do-choi-dan-ghi-ta-cho-be-928-2.jpg\",\"do-choi-dan-ghi-ta-cho-be-928-3.jpg\",\"do-choi-dan-ghi-ta-cho-be-928-4.jpg\",\"do-choi-dan-ghi-ta-cho-be-928-5.jpg\"]', 0, 0, 4, 1, 1592642535),
(52, 10, 'Đồ chơi xe cần cẩu Duka', '<p><strong>Đồ chơi xe cần cẩu Duka No.806035 (đ&egrave;n nhạc)</strong>&nbsp;với thiết kế m&ocirc; phỏng theo kiểu cẩu c&oacute; m&oacute;c cẩu ph&iacute;a sau để vận chuyển v&agrave; cứu hộ khi cần thiết, kết hợp với tiếng nhạc v&agrave; &aacute;nh s&aacute;ng đống động. Sản phẩm được l&agrave;m từ chất liệu nhựa an to&agrave;n, kh&ocirc;ng c&oacute; g&oacute;c cạnh sắc nhọn, th&iacute;ch hợp l&agrave;m qu&agrave; tặng cho b&eacute; tr&ecirc;n 3 tuổi.</p>\r\n\r\n<p>- Chất liệu: Nhựa ABS, an to&agrave;n cho sức khỏe của b&eacute;</p>\r\n\r\n<p>-&nbsp;K&iacute;ch thước hộp:&nbsp;83x59x78 cm</p>\r\n\r\n<p>- D&agrave;nh cho b&eacute; từ 3 tuổi trở l&ecirc;n</p>\r\n\r\n<p>- Sử dụng 3 Pin AA tiện lợi</p>\r\n\r\n<p>- Thiết kế m&ocirc; phỏng theo xe cẩu c&oacute; rơ m&oacute;c ph&iacute;a sau để cứu hộ, vận chuyển đồ khi cần thiết, b&eacute; c&oacute; thể chơi tr&ograve; vận chuyển cứu hộ c&ugrave;ng bạn b&egrave; cũng như hiểu hơn c&aacute;ch vận h&agrave;nh của xe</p>\r\n\r\n<p>- Đồ chơi với thiết kế th&ocirc;ng minh, cho b&eacute; kh&aacute;m ph&aacute; nhiều c&aacute;ch chơi bổ &iacute;ch như: di chuyển xe, bấm c&aacute;c nốt nhạc đ&egrave;n để xe tạo ra tiếng động sống động</p>\r\n\r\n<p>- Sản phẩm mang đến gi&acirc;y ph&uacute;t giải tr&iacute; th&uacute; vị, nhận diện m&agrave;u sắc, ph&aacute;t triển th&iacute;nh gi&aacute;c...</p>\r\n\r\n<p>- Sản phẩm đạt ti&ecirc;u chuẩn:</p>\r\n\r\n<p>Ch&acirc;u &Acirc;u: EN 71</p>\r\n\r\n<p>Mỹ: ASTM</p>\r\n\r\n<p>Ti&ecirc;u chuẩn quốc gia về&nbsp;<a href=\"https://shoptretho.com.vn/danh-muc/do-choi-tre-em\">đồ chơi trẻ em</a>&nbsp;QCVN 3:2009/BKHCN</p>\r\n\r\n<p>- Xuất xứ: Trung Quốc</p>\r\n\r\n<p><a href=\"https://shoptretho.com.vn/thuong-hieu/duka\">Thương hiệu : Duka</a></p>\r\n\r\n<p>&nbsp;</p>\r\n', '120000.00', 10000, 'do-choi-xe-can-cau-duka-806035-1.jpg', '[\"do-choi-xe-can-cau-duka-806035-11.jpg\",\"do-choi-xe-can-cau-duka-806035-3.jpg\"]', 1, 0, 4, 1, 1592641603),
(50, 10, 'Đồ chơi đàn nhạc hình hổ con cho bé', '<p><strong>Đồ chơi đ&agrave;n nhạc h&igrave;nh hổ con</strong>&nbsp;sử dụng pin AA, kết hợp với c&aacute;c nốt bấm để tạo ra &acirc;m thanh vui nhộn, k&iacute;ch th&iacute;ch th&iacute;nh gi&aacute;c của b&eacute; ph&aacute;t triển. Đặc biệt, đồ chơi c&oacute; thiết kế h&igrave;nh ch&uacute; hổ với tay cầm tiện lợi c&ugrave;ng m&agrave;u sắc nổi bật, thu h&uacute;t sự ch&uacute; &yacute; của b&eacute; y&ecirc;u khi chơi.</p>\r\n\r\n<p>- Chất liệu: Nhựa an to&agrave;n, kh&ocirc;ng c&oacute; h&oacute;a chất độc hại</p>\r\n\r\n<p>- Độ tuổi: 36 th&aacute;ng trở l&ecirc;n</p>\r\n\r\n<p>- K&iacute;ch thước:&nbsp;20 x 23 x 3 cm</p>\r\n\r\n<p>- Đ&agrave;n chạy pin bấm v&agrave;o h&igrave;nh b&ocirc;ng hoa hoặc ph&iacute;m đ&agrave;n sẽ ph&aacute;t ra &acirc;m thanh vui nhộn. Với h&agrave;ng chục bản nhạc vui vẻ. Đ&egrave;n m&agrave;u nhấp nh&aacute;y sinh động. Tạo sự th&iacute;ch th&uacute; cho b&eacute; kh&aacute;m ph&aacute; những &acirc;m thanh th&uacute; vị.</p>\r\n\r\n<p>- Đồ chơi sẽ gi&uacute;p b&eacute; dễ d&agrave;ng nhận biết giai điệu, &acirc;m thanh v&agrave; ph&aacute;t triển th&iacute;nh gi&aacute;c.</p>\r\n\r\n<p>- Tạo niềm đam m&ecirc; &acirc;m nhạc cho b&eacute; ngay từ khi c&ograve;n nhỏ.</p>\r\n\r\n<p>- Đ&agrave;n được thiết kế h&igrave;nh ch&uacute; hổ ngộ nghĩnh, nhiều m&agrave;u sắc với tay cầm tiện lợi</p>\r\n\r\n<p>- Sử dụng pin AA</p>\r\n\r\n<p>- Xuất xứ: Trung Quốc</p>\r\n\r\n<p><em><strong>*Lưu &yacute;: Đối với trẻ dưới 3 tuổi, khi chơi cần sự gi&aacute;m s&aacute;t của người lớn.</strong></em></p>\r\n', '85000.00', 10000, 'dan-nhac-hinh-ho-cho-be.jpg', '[\"dan-nhac-hinh-ho-cho-be-3.jpg\",\"dan-nhac-hinh-ho-cho-be-4.jpg\",\"dan-nhac-hinh-ho-cho-be-5.jpg\"]', 1, 0, 4, 1, 1592641277),
(51, 10, 'Đồ chơi đàn mộc cầm có nhạc Duka DK580020', '<p><strong>Đồ chơi đ&agrave;n mộc cầm c&oacute; nhạc Duka DK580020</strong>&nbsp;với thiết kế m&ocirc; phỏng sống động, k&iacute;ch thước vừa tay b&eacute; v&agrave; m&agrave;u sắc kh&aacute;c nhau, để cho b&eacute; dễ d&agrave;ng ph&acirc;n biệt v&agrave; nhận biết c&aacute;c m&agrave;u sắc cơ bản. Sản phẩm c&oacute; c&aacute;c n&uacute;t bấm để tạo ra &acirc;m thanh vui nhộn, k&iacute;ch th&iacute;ch th&iacute;nh gi&aacute;c b&eacute; ph&aacute;t triển.</p>\r\n\r\n<p>- Chất liệu nhựa an to&agrave;n, kh&ocirc;ng chứa BPA hay c&aacute;c chất độc hại kh&aacute;c n&ecirc;n kh&ocirc;ng ảnh hưởng tới sức khỏe của b&eacute;.</p>\r\n\r\n<p>- Bề mặt sản phẩm trơn tru l&aacute;ng mịn, kh&ocirc;ng c&oacute; phần r&igrave;a cạnh sắc nhọn, bảo vệ l&agrave;n da nhạy cảm của b&eacute;.</p>\r\n\r\n<p>- Sử dụng Pin 2 pin AA</p>\r\n\r\n<p>- K&iacute;ch thước hộp:&nbsp;20 x 6 x 17.5 cm</p>\r\n\r\n<p>- Sản phẩm khuy&ecirc;n d&ugrave;ng cho trẻ từ 12 th&aacute;ng</p>\r\n\r\n<p>- M&ocirc; phỏng một chiếc đ&agrave;n mộc cầm cỡ nhỏ với c&aacute;c nốt bấm c&oacute; v&acirc;n sần, n&ecirc;n b&eacute; dễ bấm</p>\r\n\r\n<p>- Đ&agrave;n c&oacute; ph&iacute;m gạt bật tắc gi&uacute;p pin sử dụng được l&acirc;u d&agrave;i hơn.</p>\r\n\r\n<p>- Thiết kế với nhiều m&agrave;u sắc nổi bật, kết hợp h&agrave;i h&ograve;a với nhau, tạo ấn tượng v&agrave; thu h&uacute;t c&aacute;c b&eacute; ngay từ c&aacute;i nh&igrave;n đầu ti&ecirc;n, từ đ&oacute; kh&ocirc;ng chỉ k&iacute;ch th&iacute;ch thị gi&aacute;c, m&agrave; c&ograve;n gi&uacute;p b&eacute; ph&acirc;n biệt v&agrave; nhận diện c&aacute;c m&agrave;u sắc cơ bản.</p>\r\n\r\n<p>- Khi chơi đ&agrave;n b&eacute; sẽ phải li&ecirc;n tục bấm c&aacute;c n&uacute;t kh&aacute;c nhau, từ đ&oacute; b&eacute; sẽ tăng cường được khả năng vận động, khả năng kết hợp tay - mắt - tai kh&eacute;o l&eacute;o, nhạy b&eacute;n.</p>\r\n\r\n<p>- Xuất xứ: Trung Quốc</p>\r\n\r\n<p><a href=\"https://shoptretho.com.vn/thuong-hieu/duka\">Thương hiệu : Duka</a></p>\r\n', '75000.00', 10000, 'do-choi-dan-moc-cam-duka-dk580020-2.jpg', '[\"do-choi-dan-moc-cam-duka-dk580020-21.jpg\",\"do-choi-dan-moc-cam-duka-dk580020-3.jpg\"]', 1, 0, 4, 1, 1592641434),
(63, 11, 'Đồ chơi gỗ xếp hình khối 3 đỉnh Etic C639', '<p><a href=\"https://shoptretho.com.vn/danh-muc/do-choi-go\">Đồ chơi xếp h&igrave;nh bằng gỗ</a>&nbsp;3 đỉnh gồm c&oacute; 3 h&igrave;nh khối c&aacute;c chi tiết với m&agrave;u sắc kh&aacute;c nhau được th&aacute;o dời tự do. Với những miếng gỗ nhiều m&agrave;u sắc, chắc chắn, b&eacute; sẽ tự gh&eacute;p cho m&igrave;nh một đo&agrave;n t&agrave;u xếp khối m&agrave;u sắc thật ấn tượng.</p>\r\n\r\n<h3>R&egrave;n luyện t&iacute;nh s&aacute;ng tạo</h3>\r\n\r\n<p>R&egrave;n luyện cho trẻ t&iacute;nh ki&ecirc;n nhẫn, th&oacute;i quen t&igrave;m t&ograve;i, s&aacute;ng tạo.</p>\r\n\r\n<p>M&ocirc; h&igrave;nh đa dạng, hấp dẫn, k&iacute;ch th&iacute;ch trẻ năng học hỏi. Mỗi lần sắp xếp l&agrave; một trải nghiệm th&uacute; vị với bộ&nbsp;<a href=\"https://shoptretho.com.vn/danh-muc/xep-chong-tha-hinh\">đồ chơi xếp chồng</a>&nbsp;khối</p>\r\n\r\n<h3>Chất liệu đồ chơi gỗ xếp h&igrave;nh khối 3 đỉnh Etic C639</h3>\r\n\r\n<p>Chất liệu gỗ chắc chắn.&nbsp;<a href=\"https://shoptretho.com.vn/danh-muc/xep-hinh-ghep-hinh\">Đồ chơi lắp gh&eacute;p</a>&nbsp;h&igrave;nh khối bằng gỗ l&agrave;m từ gỗ tự nhi&ecirc;n,kh&ocirc;ng mục, kh&ocirc;ng cạnh sắc,đảm bảo kh&ocirc;ng ảnh hưởng đến sức khỏe của b&eacute;.</p>\r\n\r\n<p>Sản phẩm được sản xuất bằng gỗ tự nhi&ecirc;n, nước sơn an to&agrave;n cho trẻ đạt ti&ecirc;u chuẩn EN71 của Ch&acirc;u &Acirc;u.</p>\r\n', '99000.00', 10000, 'do-choi-go-xep-hinh-khoi-3-dinh-etic-c639.jpg', '[\"do-choi-go-xep-hinh-khoi-3-dinh-2-1.jpg\",\"do-choi-go-xep-hinh-khoi-3-dinh-etic-c6391.jpg\"]', 1, 0, 4, 1, 1592649772),
(64, 11, 'Đồ chơi gỗ xếp hình Etic Tàu hỏa lắp ráp C628', '<p>Đồ chơi gỗ lu&ocirc;n được c&aacute;c bố c&aacute;c mẹ lựa chọn bởi độ an to&agrave;n của n&oacute;. Bởi thế Etic đ&atilde; đi đầu trong việc tạo ra thứ đồ chơi gỗ t&agrave;u hỏa th&ocirc;ng minh.&nbsp;<strong><a href=\"https://shoptretho.com.vn/danh-muc/xep-hinh-ghep-hinh\">Bộ đồ chơi xếp h&igrave;nh</a>&nbsp;t&agrave;u hỏa d&agrave;nh Etic</strong>&nbsp;chủ yếu l&agrave; những h&igrave;nh khối kh&aacute;c nhau được lắp gh&eacute;p lại với nhau, c&oacute; thể lắp r&aacute;p lại hoặc th&aacute;o rời.&nbsp;<a href=\"https://shoptretho.com.vn/danh-muc/do-choi-tre-em\">Bộ đồ chơi</a>&nbsp;sẽ gi&uacute;p trẻ học c&aacute;c ph&acirc;n biệt h&igrave;nh khối, m&agrave;u sắc v&agrave; lắp gh&eacute;p sao cho c&aacute;c h&igrave;nh, khối khớp lại được với nhau.</p>\r\n\r\n<p>Một đo&agrave;n t&agrave;u hỏa gồm c&aacute;c chi tiết với m&agrave;u sắc kh&aacute;c nhau được th&aacute;o dời tự do, lắp lại một c&aacute;ch nhẹ nh&agrave; v&agrave; chắc chắn</p>\r\n\r\n<p>Với những miếng gỗ nhiều m&agrave;u sắc, chắc chắn, b&eacute; sẽ tự gh&eacute;p cho m&igrave;nh một đo&agrave;n t&agrave;u xếp khối m&agrave;u sắc thật ấn tượng.</p>\r\n\r\n<p>R&egrave;n cho b&eacute; sự ki&ecirc;n nhẫn, t&iacute;nh s&aacute;ng tạo&nbsp;</p>\r\n\r\n<p>Với chất liệu gỗ chắc chắn.&nbsp;<strong><a href=\"https://shoptretho.com.vn/danh-muc/do-choi-go\">Đồ chơi xếp h&igrave;nh bằng gỗ</a></strong>&nbsp;&nbsp;l&agrave;m từ gỗ tự nhi&ecirc;n,kh&ocirc;ng mục, kh&ocirc;ng cạnh sắc,đảm bảo kh&ocirc;ng ảnh hưởng đến sức khỏe của b&eacute;.</p>\r\n\r\n<p>Sản phẩm được sản xuất bằng gỗ tự nhi&ecirc;n, nước sơn an to&agrave;n cho trẻ đạt ti&ecirc;u chuẩn EN71 của Ch&acirc;u &Acirc;u.</p>\r\n', '105000.00', 15000, 'untitled-6.jpg', '[\"do-choi-go-xep-hinh-etic-tau-hoa-lap-rap-c628.jpg\",\"untitled-61.jpg\",\"untitled-7.jpg\",\"untitled-8.jpg\"]', 0, 0, 4, 1, 1592649914),
(65, 11, 'Đồ chơi gỗ GCB - Bàn tính học toán BA01', '<p><strong>B&agrave;n t&iacute;nh học to&aacute;n BA01</strong>&nbsp;vừa l&agrave; đồ chơi đồng thời c&ograve;n l&agrave;&nbsp;c&ocirc;ng cụ học tập gi&uacute;p c&aacute;c b&eacute; t&iacute;nh nhẩm cực nhanh, ph&aacute;t triển tr&iacute; th&ocirc;ng minh. Tr&iacute; n&atilde;o của trẻ sẽ ph&aacute;t triển to&agrave;n diện th&ocirc;ng qua việc học v&agrave; sử dụng b&agrave;n t&iacute;nh. Th&oacute;i quen học tập trung v&agrave; đều đặn h&agrave;ng ng&agrave;y cũng được h&igrave;nh th&agrave;nh qua việc thực h&agrave;nh h&agrave;ng ng&agrave;y với b&agrave;n t&iacute;nh.</p>\r\n\r\n<p>- Chất liệu:&nbsp;gỗ + sơn + nhựa + kim loại</p>\r\n\r\n<p>-&nbsp;K&iacute;ch thước: 30 x 13 x 7 cm</p>\r\n\r\n<p>- Bộ&nbsp;<a href=\"https://shoptretho.com.vn/danh-muc/do-choi-go\">đồ chơi gỗ</a>&nbsp;học to&aacute;n đa m&agrave;u sắc thiết kế độc đ&aacute;o l&agrave; m&oacute;n&nbsp;<a href=\"https://shoptretho.com.vn/danh-muc/qua-tang\">qu&agrave; tặng</a>&nbsp;vừa học vừa chơi bổ &iacute;ch m&agrave; phụ huynh kh&ocirc;ng n&ecirc;n bỏ qua.</p>\r\n\r\n<p>- Sản phẩm bảng t&iacute;nh số to&aacute;n học gỗ bao gồm c&aacute;c ph&eacute;p t&iacute;nh to&aacute;n học v&agrave; c&aacute;c hạt t&iacute;nh số.</p>\r\n\r\n<p>- B&agrave;n t&iacute;nh xinh xắn n&agrave;y gi&uacute;p b&eacute; tập đếm, nhận biết m&agrave;u sắc gi&uacute;p b&eacute; tập t&iacute;nh to&aacute;n c&aacute;c ph&eacute;p t&iacute;nh đơn giản n&acirc;ng cao khả năng tư duy v&agrave; tr&iacute; th&ocirc;ng minh của trẻ.</p>\r\n\r\n<p>-&nbsp;<a href=\"https://shoptretho.com.vn/danh-muc/do-choi-tre-em\">Bộ đồ chơi</a>&nbsp;gỗ vừa l&agrave; một m&oacute;n đồ chơi vừa l&agrave; một dụng cụ học tập của c&aacute;c b&eacute;.</p>\r\n\r\n<p>- D&agrave;nh cho b&eacute; tr&ecirc;n 3 tuổi</p>\r\n\r\n<p>- Xuất xứ: Việt Nam</p>\r\n\r\n<p><a href=\"https://shoptretho.com.vn/thuong-hieu/gcb\">Thương hiệu : GCB</a></p>\r\n', '120000.00', 10000, 'ban-tinh-hoc-toan-cho-be-1.jpg', '[\"ban-tinh-hoc-toan-cho-be-11.jpg\",\"ban-tinh-hoc-toan-cho-be-3.jpg\"]', 3, 0, 4, 1, 1592650043),
(66, 12, 'Trống lục lạc Duka DK580021', '<p>- Chất liệu: Nhựa ABS/PP, kh&ocirc;ng chứa chất độc hại, an to&agrave;n cho b&eacute;</p>\r\n\r\n<p>- K&iacute;ch thước hộp: 20 x 6 x 17.5 cm</p>\r\n\r\n<p>- Ph&ugrave; hợp với b&eacute; 12 th&aacute;ng trở l&ecirc;n.</p>\r\n\r\n<p>- Sản phẩm với thiết kế h&igrave;nh tr&ograve;n với nhiều m&agrave;u sắc tươi s&aacute;ng, k&iacute;ch th&iacute;ch thị gi&aacute;c của b&eacute; ph&aacute;t triển, gi&uacute;p b&eacute; nhận biết một số m&agrave;u cơ bản.</p>\r\n\r\n<p>- Đồ chơi c&oacute; &acirc;m thanh vui tai, tạo cảm gi&aacute;c th&iacute;ch th&uacute; v&agrave; k&iacute;ch th&iacute;ch th&iacute;nh gi&aacute;c của b&eacute; y&ecirc;u.</p>\r\n\r\n<p>- Khi b&oacute;ng lăn sẽ tạo ra &acirc;m thanh x&uacute;c xắc cũng như &aacute;nh s&aacute;ng</p>\r\n\r\n<p>- Sản phẩm gi&uacute;p ph&aacute;t triển c&aacute;c gi&aacute;c quan của b&eacute; to&agrave;n diện</p>\r\n\r\n<p>- Xuất xứ: Trung Quốc</p>\r\n\r\n<p><a href=\"https://shoptretho.com.vn/thuong-hieu/duka\">Thương hiệu : Duka</a></p>\r\n', '140000.00', 15000, 'do-choi-trong-luc-lac-duka-dk580021-1.jpg', '[\"do-choi-trong-luc-lac-duka-dk580021-11.jpg\",\"do-choi-trong-luc-lac-duka-dk580021-2.jpg\"]', 1, 0, 4, 1, 1592650142),
(67, 12, 'Hộp đồ chơi xúc xắc 5 món Duka DK580013', '<p>- Chất liệu: Nhựa an to&agrave;n, kh&ocirc;ng chứa h&oacute;a chất độc hại</p>\r\n\r\n<p>- D&agrave;nh cho b&eacute; từ 9 th&aacute;ng trở l&ecirc;n</p>\r\n\r\n<p>- K&iacute;ch thước hộp: 29.2 x 7.4 x 26.2 cm</p>\r\n\r\n<p>- Sản xuất tại : Trung Quốc</p>\r\n\r\n<p>- Sản phẩm được l&agrave;m bằng chất liệu nhựa cao cấp, bền đẹp, an to&agrave;n tuyệt đối khi sử dụng</p>\r\n\r\n<p>- Thiết kế gồm 5 x&uacute;c xắc với h&igrave;nh dạng kh&aacute;c nhau: b&agrave;n tay, lật đật, điện thoại, h&igrave;nh nơ, h&igrave;nh cầu</p>\r\n\r\n<p>- Sản phẩm c&oacute; thể ph&aacute;t ra &acirc;m thanh ch&uacute;t ch&iacute;t vui tai thu h&uacute;t sự ch&uacute; &yacute; của b&eacute;, k&iacute;ch th&iacute;ch th&iacute;nh gi&aacute;c của trẻ ph&aacute;t triển</p>\r\n\r\n<p>- Đựng trong hộp, th&iacute;ch hợp l&agrave;m qu&agrave; tặng cho b&eacute;</p>\r\n\r\n<p>- Ti&ecirc;u chuẩn quốc gia về&nbsp;<a href=\"https://shoptretho.com.vn/danh-muc/do-choi-tre-em\">đồ chơi trẻ em</a>&nbsp;QCVN 3:2009/BKHCN</p>\r\n', '90000.00', 10000, 'hop-5-xuc-xac-duka-dk580013-2.jpg', '[\"hop-5-xuc-xac-duka-dk580013-1.jpg\",\"hop-5-xuc-xac-duka-dk580013-21.jpg\"]', 0, 0, 4, 1, 1592652309),
(68, 13, 'Đồ chơi vặn cót rùa biết bơi', '<p>- Chất liệu: Nhựa ABS an to&agrave;n,&nbsp;th&acirc;n thiện với m&ocirc;i trường chất lượng cao, kh&ocirc;ng độc hại v&agrave; kh&ocirc;ng m&ugrave;i, kh&ocirc;ng g&oacute;c cạnh, ph&ugrave; hợp với trẻ nhỏ.</p>\r\n\r\n<p>- Thiết kế m&ocirc; phỏng h&igrave;nh ch&uacute; r&ugrave;a với nhiều m&agrave;u sắc kh&aacute;c nhau</p>\r\n\r\n<p>- Khi vặn c&oacute;t (dưới bụng r&ugrave;a) theo chiều kim đồng hồ, ch&uacute; r&ugrave;a sẽ bơi tron nước</p>\r\n\r\n<p>- K&iacute;ch thước sản phẩm nhỏ gọn, dễ thương.</p>\r\n\r\n<p>- Gi&uacute;p b&eacute; nhận biết m&agrave;u sắc, c&aacute;c loại động vật.</p>\r\n\r\n<p>- C&oacute; thể l&agrave;m vật trang tr&iacute; nh&agrave; tắm th&ecirc;m sinh động, đ&aacute;ng y&ecirc;u.</p>\r\n\r\n<p>- R&egrave;n luyện khả năng hoạt động tay của b&eacute; m&agrave; c&ograve;n cải thiện sự phối hợp giữa tay v&agrave; n&atilde;o ở một mức độ nhất định.</p>\r\n\r\n<p>- K&iacute;ch thước:&nbsp;90x80x55mm</p>\r\n\r\n<p>- Khối lượng: 40g</p>\r\n\r\n<p>- Độ tuổi: Sơ sinh trở l&ecirc;n</p>\r\n\r\n<p>- Xuất xứ: Trung Quốc</p>\r\n', '25000.00', 5000, 'rua-cot-biet-boi-nhieu-mau-7.jpg', '[\"rua-cot-biet-boi-nhieu-mau-71.jpg\",\"rua-cot-biet-boi-nhieu-mau-14.jpg\",\"rua-cot-biet-boi-nhieu-mau-15.jpg\",\"rua-cot-biet-boi-nhieu-mau-16.jpg\",\"rua-cot-biet-boi-nhieu-mau-17.jpg\"]', 0, 0, 4, 1, 1592652499),
(69, 13, 'Bộ đồ chơi nhà tắm Winfun 7120 (sét 5 con)', '<p>- Chất liệu: Nhựa ABS/PP an to&agrave;n với c&aacute;c g&oacute;c cạnh trơn nhẵn, kh&ocirc;ng l&agrave;m trầy xước l&agrave;n da nhạy cảm của b&eacute;</p>\r\n\r\n<p>- Bộ nh&agrave; tắm gồm 05 chi tiết m&ocirc; phỏng c&aacute;c sinh vật biển nhiều m&agrave;u sắc như: c&aacute; đuối, c&aacute; heo, bạch tuộc, c&aacute; n&oacute;c, c&aacute; ngựa</p>\r\n\r\n<p>-&nbsp;<a href=\"https://shoptretho.com.vn/danh-muc/do-choi-tre-em\">Đồ chơi cho b&eacute;</a>&nbsp;c&oacute; m&agrave;u sắc tươi s&aacute;ng v&agrave; h&igrave;nh th&ugrave; dễ thương gi&uacute;p b&eacute; nhận biết m&agrave;u sắc, k&iacute;ch th&iacute;ch c&aacute;c gi&aacute;c quan của b&eacute;.</p>\r\n\r\n<p>- K&iacute;ch thước nhỏ nhắn ph&ugrave; hợp với tay trẻ.</p>\r\n\r\n<p>- C&oacute; lỗ phun nước, tạo sự th&iacute;ch th&uacute; cho b&eacute; khi tắm.</p>\r\n\r\n<p>- Độ tuổi: D&agrave;nh cho b&eacute; từ 6 th&aacute;ng trở l&ecirc;n</p>\r\n\r\n<p>- Xuất xứ: Trung Quốc</p>\r\n', '125000.00', 15000, 'set-do-choi-tam-5-con-winfun-7120-2.jpg', '[\"set-do-choi-tam-5-con-winfun-7120-21.jpg\",\"set-do-choi-tam-5-con-winfun-7120-3.jpg\"]', 0, 0, 4, 1, 1592652729),
(70, 13, 'Đồ chơi nhà tắm sinh vật biển Simba S1743(4 con)', '<p>C&oacute; nhiều b&eacute; rất th&iacute;ch th&uacute; với việc được tắm nhưng cũng c&oacute; những b&eacute; kh&ocirc;ng th&iacute;ch tắm một ch&uacute;t n&agrave;o, nhất l&agrave; khi m&ugrave;a đ&ocirc;ng tới. Khi đ&oacute; những m&oacute;n&nbsp;<a href=\"https://shoptretho.com.vn/danh-muc/do-choi-tre-em\">đồ chơi</a>&nbsp;th&uacute; vị sẽ mang lại cho b&eacute; sự th&iacute;ch th&uacute; khi b&eacute; vừa tắm lại vừa được chơi. Với&nbsp;<a href=\"https://shoptretho.com.vn/danh-muc/do-choi-nha-tam\">đồ chơi nh&agrave; tắm</a>&nbsp;sinh vật biển Simba S1743(4 con) hy vọng m&oacute;n đồ chơi n&agrave;y sẽ gi&uacute;p &iacute;ch cho mẹ mỗi khi tắm cho b&eacute; v&agrave; đ&acirc;y cũng sẽ trở th&agrave;nh người bạn th&acirc;n thiết của b&eacute; kh&ocirc;ng chỉ khi b&eacute; tắm m&agrave; c&ograve;n khi b&eacute; chơi đ&ugrave;a.</p>\r\n\r\n<h3>Ưu điểm nổi bật của sản phẩm đồ chơi nh&agrave; tắm sinh vật biển Simba S1743(4 con)</h3>\r\n\r\n<p><strong>Chất liệu nhựa cao cấp</strong></p>\r\n\r\n<p>Đồ chơi Simba S1743(4 con)<strong>&nbsp;</strong>được l&agrave;m từ nhựa cao cấp chống khuẩn, kh&ocirc;ng chứa BPA (h&oacute;a chất d&ugrave;ng để sản xuất nhựa). Sản phẩm đ&atilde; được kiểm nghiệm v&agrave; chứng nhận, đảm bảo tuyệt đối an to&agrave;n cho sức khỏe của b&eacute; n&ecirc;n bố mẹ c&oacute; thể y&ecirc;n t&acirc;m.</p>\r\n\r\n<p><strong>M&agrave;u sắc tươi s&aacute;ng</strong></p>\r\n\r\n<p>Đồ chơi nh&agrave; tắm sinh vật biển Simba c&oacute; m&agrave;u sắc tươi s&aacute;ng, k&iacute;ch th&iacute;ch thị gi&aacute;c của b&eacute; ph&aacute;t triển, gi&uacute;p b&eacute; nhận biết một số m&agrave;u cơ bản.</p>\r\n\r\n<p>Sản phẩm được được thiết kế với m&agrave;u sắc v&agrave; kiểu d&aacute;ng ngộ nghĩnh, đ&aacute;ng y&ecirc;u.</p>\r\n\r\n<p><strong>Dễ d&agrave;ng cầm nắm</strong></p>\r\n\r\n<p>Simba S1743(4 con)<strong>&nbsp;</strong>c&oacute; k&iacute;ch thước ph&ugrave; hợp để tay trẻ nhỏ cầm nắm v&agrave; khuyến kh&iacute;ch khả năng nhận biết m&agrave;u sắc v&agrave; phối hợp tay/mắt.</p>\r\n\r\n<p><strong>Tăng cường c&aacute;c kĩ năng ở b&eacute;</strong></p>\r\n\r\n<p>Sản phẩm được thiết kế dễ thương, sắc m&agrave;u bắt mắt, gi&uacute;p b&eacute; học c&aacute;ch cầm nắm v&agrave; bước đầu l&agrave;m quen với những m&agrave;u sắc cơ bản.</p>\r\n\r\n<p><strong>Cảnh b&aacute;o:&nbsp;</strong>Kh&ocirc;ng đun s&ocirc;i sản phẩm, chỉ lau sạch bằng nước ấm.</p>\r\n\r\n<p><strong>Hướng dẫn sử dụng:&nbsp;</strong>C&aacute;c sinh vật biển nhỏ dễ thương chắc chắn sẽ đem lại nhiều niềm vui v&agrave; sự giải tr&iacute; trong nh&agrave; tắm của b&eacute;. C&aacute;c sinh vật biển sẽ nổi tr&ecirc;n mặt nước v&agrave; phun nước.</p>\r\n', '80000.00', 15000, 'do-choi-nha-tam-sinh-vat-bien-simba-s17434-con-2.jpg', '[\"do-choi-nha-tam-sinh-vat-bien-simba-s17434-con-21.jpg\"]', 0, 0, 4, 1, 1592652850),
(71, 14, 'Hộp lắp ráp lego Spider Hero 8H-5022', '<p>- Bộ lắp r&aacute;p lego 8H-5022 được l&agrave;m bằng nhựa cao cấp an to&agrave;n cho b&eacute;, sản phẩm gi&uacute;p b&eacute; ph&aacute;t triển tư duy tăng cường t&iacute;nh s&aacute;ng tạo, đồ chơi ph&ugrave; hợp cho c&aacute;c b&eacute; từ 6 tuổi trở l&ecirc;n</p>\r\n\r\n<p><strong>Tại sao n&ecirc;n lựa chọn đồ chơi lắp r&aacute;p lego cho b&eacute;?</strong></p>\r\n\r\n<ul>\r\n	<li><strong>R&egrave;n luyện sự kh&eacute;o l&eacute;o, tỉ mỉ</strong></li>\r\n</ul>\r\n\r\n<p>Trong suốt qu&aacute; tr&igrave;nh m&agrave;y m&ograve; lắp r&aacute;p, b&eacute; sẽ tập t&iacute;nh ki&ecirc;n tr&igrave;, nhẫn nại, hiểu được gi&aacute; trị lao động từ những thứ m&agrave; b&eacute; l&agrave;m ra.</p>\r\n\r\n<p>K&iacute;ch th&iacute;ch tư duy s&aacute;ng tạo&nbsp;<a href=\"https://shoptretho.com.vn/danh-muc/do-choi-lego\">đồ chơi lego</a>&nbsp;gi&uacute;p b&eacute; luyện tr&iacute; nhớ, tăng khả năng tư duy v&agrave; ph&aacute;t triển tr&iacute; n&atilde;o to&agrave;n diện. Hơn nữa, với nhiều chi tiết kh&aacute;c nhau, b&eacute; c&oacute; thể xếp được nhiều m&ocirc; h&igrave;nh kh&aacute;c nhau từ tr&iacute; tưởng tượng phong ph&uacute; của b&eacute;.</p>\r\n\r\n<ul>\r\n	<li><strong>Chất liệu nhựa cao cấp, an to&agrave;n</strong></li>\r\n</ul>\r\n\r\n<p>C&aacute;c bộ phận đều được l&agrave;m ho&agrave;n to&agrave;n bởi chất liệu nhựa cao cấp, tuyệt đối an to&agrave;n đến sức khỏe của b&eacute;. Mẹ sẽ an t&acirc;m cho b&eacute; thoải m&aacute;i chơi đ&ugrave;a m&agrave; kh&ocirc;ng lo sản phẩm g&acirc;y nguy hại b&eacute;.</p>\r\n\r\n<ul>\r\n	<li><strong>Tr&ograve; chơi giao lưu, kết bạn</strong></li>\r\n</ul>\r\n\r\n<p>B&eacute; kh&ocirc;ng chỉ chơi tr&ograve; chơi n&agrave;y một m&igrave;nh m&agrave; c&oacute; thể thi xếp h&igrave;nh với bạn b&egrave; v&agrave; người th&acirc;n để tăng mối d&acirc;y t&igrave;nh cảm với nhau.</p>\r\n\r\n<ul>\r\n	<li><strong>Dễ xếp, cất gọn trong nh&agrave;</strong></li>\r\n</ul>\r\n\r\n<p>Sau khi b&eacute; chơi xong, mẹ hướng dẫn b&eacute; xếp v&agrave; cất gọn g&agrave;ng v&agrave;o trong hộp, để lần sau b&eacute; thoải m&aacute;i lắp gh&eacute;p, tạo h&igrave;nh m&ocirc; h&igrave;nh mới m&agrave; kh&ocirc;ng thiếu chi tiết n&agrave;o&nbsp;</p>\r\n', '125000.00', 15000, 'hop-lap-rap-lego-spider-hero-8h-5022-1.jpg', '[\"hop-lap-rap-lego-spider-hero-8h-5022-11.jpg\",\"hop-lap-rap-lego-spider-hero-8h-5022-2.jpg\"]', 0, 0, 4, 1, 1592653118),
(72, 14, 'Hộp lắp ráp lego Aven 147 chi tiết 68040', '<p>- Đồ chơi lắp r&aacute;p lego Aven 68040 gồm 147 chi tiết với chủ đề robot biến h&igrave;nh mang đến cho b&eacute; những ph&uacute;t gi&acirc;y giải tr&iacute; thật th&uacute; vị. Th&ocirc;ng qua việc tiếp x&uacute;c với c&aacute;c mảnh gh&eacute;p sẽ gi&uacute;p b&eacute; ph&aacute;t triển tư duy v&agrave; tăng cường t&iacute;nh s&aacute;ng tạo một c&aacute;ch hiệu quả</p>\r\n\r\n<p>- C&aacute;c mảnh gh&eacute;p được thiết kế với k&iacute;ch thước vừa phải gi&uacute;p b&eacute; dễ d&agrave;ng cầm nắm v&agrave; tạo h&igrave;nh một c&aacute;ch đơn giản m&agrave; kh&ocirc;ng tốn qu&aacute; nhiều thời gian</p>\r\n\r\n<p><strong>Tại sao n&ecirc;n lựa chọn đồ chơi lắp r&aacute;p lego cho b&eacute;?</strong></p>\r\n\r\n<ul>\r\n	<li><strong>R&egrave;n luyện sự kh&eacute;o l&eacute;o, tỉ mỉ</strong></li>\r\n</ul>\r\n\r\n<p>Trong suốt qu&aacute; tr&igrave;nh m&agrave;y m&ograve; lắp r&aacute;p, b&eacute; sẽ tập t&iacute;nh ki&ecirc;n tr&igrave;, nhẫn nại, hiểu được gi&aacute; trị lao động từ những thứ m&agrave; b&eacute; l&agrave;m ra.</p>\r\n\r\n<p>K&iacute;ch th&iacute;ch tư duy s&aacute;ng tạo&nbsp;<a href=\"https://shoptretho.com.vn/danh-muc/do-choi-lego\">đồ chơi LEGO</a>&nbsp;gi&uacute;p b&eacute; luyện tr&iacute; nhớ, tăng khả năng tư duy v&agrave; ph&aacute;t triển tr&iacute; n&atilde;o to&agrave;n diện. Hơn nữa, với nhiều chi tiết kh&aacute;c nhau, b&eacute; c&oacute; thể xếp được nhiều m&ocirc; h&igrave;nh kh&aacute;c nhau từ tr&iacute; tưởng tượng phong ph&uacute; của b&eacute;.</p>\r\n\r\n<ul>\r\n	<li><strong>Chất liệu nhựa cao cấp, an to&agrave;n</strong></li>\r\n</ul>\r\n\r\n<p>C&aacute;c bộ phận đều được l&agrave;m ho&agrave;n to&agrave;n bởi chất liệu nhựa cao cấp, tuyệt đối an to&agrave;n đến sức khỏe của b&eacute;. Mẹ sẽ an t&acirc;m cho b&eacute; thoải m&aacute;i chơi đ&ugrave;a m&agrave; kh&ocirc;ng lo sản phẩm g&acirc;y nguy hại b&eacute;.</p>\r\n\r\n<ul>\r\n	<li><strong>Tr&ograve; chơi giao lưu, kết bạn</strong></li>\r\n</ul>\r\n\r\n<p>B&eacute; kh&ocirc;ng chỉ chơi tr&ograve; chơi n&agrave;y một m&igrave;nh m&agrave; c&oacute; thể thi xếp h&igrave;nh với bạn b&egrave; v&agrave; người th&acirc;n để tăng mối d&acirc;y t&igrave;nh cảm với nhau.</p>\r\n\r\n<ul>\r\n	<li><strong>Dễ xếp, cất gọn trong nh&agrave;</strong></li>\r\n</ul>\r\n\r\n<p>Sau khi b&eacute; chơi xong, mẹ hướng dẫn b&eacute; xếp v&agrave; cất gọn g&agrave;ng v&agrave;o trong hộp, để lần sau b&eacute; thoải m&aacute;i lắp gh&eacute;p, tạo h&igrave;nh m&ocirc; h&igrave;nh mới m&agrave; kh&ocirc;ng thiếu chi tiết n&agrave;o&nbsp;</p>\r\n', '130000.00', 10000, 'hop-lap-rap-lego-aven-147-chi-tiet-68040.jpg', '[\"hop-lap-rap-lego-aven-147-chi-tiet-680401.jpg\"]', 0, 0, 4, 1, 1592653282),
(73, 14, 'Hộp lắp ráp lego Mywords Minecraft 49 chi tiết 6H-10002', '<p>- Hộp lắp r&aacute;p lego cho b&eacute; Mywords Minecraft với chủ đề qu&aacute;i xế đại chiến được t&aacute;i hiện qua những mảnh gh&eacute;p lego đầy sinh động v&agrave; trực quan</p>\r\n\r\n<p>- Th&ocirc;ng qua việc lắp gh&eacute;p c&aacute;c mảnh lego sẽ gi&uacute;p b&eacute; r&egrave;n luyện sự s&aacute;ng tạo,&nbsp;t&iacute;nh ki&ecirc;n nhẫn v&agrave; hỗ trợ&nbsp;ph&aacute;t triển tư duy một c&aacute;ch hiệu quả</p>\r\n\r\n<p>- C&aacute;c mảnh gh&eacute;p được l&agrave;m bằng nhựa cao cấp, bảo đảm an to&agrave;n tuyệt đối cho sức khỏe của b&eacute;.</p>\r\n\r\n<p><strong>Tại sao n&ecirc;n lựa chọn đồ chơi lắp r&aacute;p lego cho b&eacute;?</strong></p>\r\n\r\n<ul>\r\n	<li><strong>R&egrave;n luyện sự kh&eacute;o l&eacute;o, tỉ mỉ</strong></li>\r\n</ul>\r\n\r\n<p>Trong suốt qu&aacute; tr&igrave;nh m&agrave;y m&ograve; lắp r&aacute;p, b&eacute; sẽ tập t&iacute;nh ki&ecirc;n tr&igrave;, nhẫn nại, hiểu được gi&aacute; trị lao động từ những thứ m&agrave; b&eacute; l&agrave;m ra.</p>\r\n\r\n<p>K&iacute;ch th&iacute;ch tư duy s&aacute;ng tạo đồ chơi LEGO gi&uacute;p b&eacute; luyện tr&iacute; nhớ, tăng khả năng tư duy v&agrave; ph&aacute;t triển tr&iacute; n&atilde;o to&agrave;n diện. Hơn nữa, với nhiều chi tiết kh&aacute;c nhau, b&eacute; c&oacute; thể xếp được nhiều m&ocirc; h&igrave;nh kh&aacute;c nhau từ tr&iacute; tưởng tượng phong ph&uacute; của b&eacute;.</p>\r\n\r\n<ul>\r\n	<li><strong>Chất liệu nhựa cao cấp, an to&agrave;n</strong></li>\r\n</ul>\r\n\r\n<p>C&aacute;c bộ phận đều được l&agrave;m ho&agrave;n to&agrave;n bởi chất liệu nhựa cao cấp, tuyệt đối an to&agrave;n đến sức khỏe của b&eacute;. Mẹ sẽ an t&acirc;m cho b&eacute; thoải m&aacute;i chơi đ&ugrave;a m&agrave; kh&ocirc;ng lo sản phẩm g&acirc;y nguy hại b&eacute;.</p>\r\n\r\n<ul>\r\n	<li><strong>Tr&ograve; chơi giao lưu, kết bạn</strong></li>\r\n</ul>\r\n\r\n<p>B&eacute; kh&ocirc;ng chỉ chơi tr&ograve; chơi n&agrave;y một m&igrave;nh m&agrave; c&oacute; thể thi xếp h&igrave;nh với bạn b&egrave; v&agrave; người th&acirc;n để tăng mối d&acirc;y t&igrave;nh cảm với nhau.</p>\r\n\r\n<ul>\r\n	<li><strong>Dễ xếp, cất gọn trong nh&agrave;</strong></li>\r\n</ul>\r\n\r\n<p>Sau khi b&eacute; chơi xong, mẹ hướng dẫn b&eacute; xếp v&agrave; cất gọn g&agrave;ng v&agrave;o trong hộp, để lần sau b&eacute; thoải m&aacute;i lắp gh&eacute;p, tạo h&igrave;nh m&ocirc; h&igrave;nh mới m&agrave; kh&ocirc;ng thiếu chi tiết n&agrave;o&nbsp;</p>\r\n\r\n<p><strong>Th&ocirc;ng tin kh&aacute;c về sản phẩm:</strong></p>\r\n\r\n<p>- Chất liệu: nhựa cao cấp</p>\r\n\r\n<p>- Bộ lắp r&aacute;p gồm 49 chi tiết</p>\r\n\r\n<p>- Độ tuổi: 6+</p>\r\n\r\n<p>-&nbsp;K&iacute;ch thước hộp: 20x4x17cm</p>\r\n\r\n<p>- Xuất xứ: Trung Quốc</p>\r\n', '140000.00', 10000, 'hop-lap-rap-lego-mywords-minecraft-49-chi-tiet-6h-10002-2.jpg', '[\"hop-lap-rap-lego-mywords-minecraft-49-chi-tiet-6h-10002-1.jpg\",\"hop-lap-rap-lego-mywords-minecraft-49-chi-tiet-6h-10002-21.jpg\"]', 0, 0, 4, 1, 1592653393),
(74, 14, 'Đồ chơi Lego Juniors 10667 - Công trình xây dựng', '<p>Bộ m&ocirc; h&igrave;nh bao gồm</p>\r\n\r\n<p>M&ocirc; h&igrave;nh cần cẩu</p>\r\n\r\n<p>Xe ben</p>\r\n\r\n<p>M&ocirc; h&igrave;nh anh kĩ sư</p>\r\n\r\n<p>M&ocirc; h&igrave;nh ống nước, van, đường dẫn kh&iacute; gas.</p>\r\n\r\n<p>Gạch x&acirc;y c&ocirc;ng tr&igrave;nh</p>\r\n\r\n<p>Đồ chơi Lego Juniors&nbsp;gi&uacute;p b&eacute; x&acirc;y dựng những c&ocirc;ng tr&igrave;nh lớn</p>\r\n\r\n<p>Với bộ đồ chơi&nbsp;Juniors&nbsp;10667&nbsp;b&eacute; sẽ được thỏa xức s&aacute;ng tạo v&agrave; lắp r&aacute;p theo tr&iacute; tưởng tượng của m&igrave;nh</p>\r\n\r\n<p>Đồ chơi&nbsp;Juniors&nbsp;10667&nbsp;sản phẩm th&uacute; vị v&agrave; an to&agrave;n cho tay trẻ l&agrave; sự&nbsp;bổ sung l&yacute; tưởng bộ sư tầm m&ocirc; h&igrave;nh Juniors</p>\r\n', '150000.00', 15000, 'do-choi-lego-juniors-10667-cong-trinh-xay-dung-1.jpg', '[\"do-choi-lego-juniors-10667-cong-trinh-xay-dung-11.jpg\"]', 0, 0, 4, 1, 1592653503);
INSERT INTO `product` (`id`, `catalog_id`, `name`, `content`, `price`, `discount`, `image_link`, `image_list`, `view`, `buyed`, `rate_total`, `rate_count`, `created`) VALUES
(75, 15, 'Xe ô tô không động cơ Mercerdes 332', '<p>- Xe đẩy ch&acirc;n l&agrave; loại&nbsp;<a href=\"https://shoptretho.com.vn/danh-muc/do-choi-tre-em\">đồ chơi</a>&nbsp;xe gi&uacute;p tăng cường vận động v&agrave; thể chất cho b&eacute; tr&ecirc;n 1 tuổi</p>\r\n\r\n<p>- H&igrave;nh d&aacute;ng kiểu chiếc xe &ocirc; t&ocirc; sinh động ngộ nghĩnh, ph&ugrave; hợp với b&eacute; y&ecirc;u&nbsp;</p>\r\n\r\n<p>- Khung xe l&agrave;m bằng nhựa cao cấp, m&agrave;u sắc b&oacute;ng đẹp độ bền cao&nbsp;</p>\r\n\r\n<p>- B&aacute;nh xe l&agrave;m bằng nhựa cứng, chịu lực tốt, hạn chế sự m&agrave;i m&ograve;n&nbsp;</p>\r\n\r\n<p>- Th&iacute;ch hợp cho b&eacute; chơi ở mặt phẳng, l&aacute;ng, nhẵn&nbsp;</p>\r\n\r\n<p>- Khi di chuyển, b&eacute; chỉ cần d&ugrave;ng 2 ch&acirc;n đẩy tới&nbsp;</p>\r\n\r\n<p>- H&agrave;ng ch&iacute;nh h&atilde;ng&nbsp;</p>\r\n\r\n<p>- Xuất xứ Trung Quốc</p>\r\n\r\n<p>- K&iacute;ch thước: Cao, rộng, d&agrave;i: 38,43cm*28,7*66,16cm</p>\r\n\r\n<p>- M&agrave;u sắc: Đen, trắng, &nbsp;đỏ</p>\r\n\r\n<p>- Chất liệu: Nhựa</p>\r\n\r\n<p>- Xe đẩy ch&acirc;n l&agrave; loại&nbsp;<a href=\"https://shoptretho.com.vn/danh-muc/do-choi-tre-em\">đồ chơi</a>&nbsp;xe gi&uacute;p tăng cường vận động v&agrave; thể chất cho b&eacute; tr&ecirc;n 1 tuổi</p>\r\n\r\n<p>- H&igrave;nh d&aacute;ng kiểu chiếc xe &ocirc; t&ocirc; sinh động ngộ nghĩnh, ph&ugrave; hợp với b&eacute; y&ecirc;u&nbsp;</p>\r\n\r\n<p>- Khung xe l&agrave;m bằng nhựa cao cấp, m&agrave;u sắc b&oacute;ng đẹp độ bền cao&nbsp;</p>\r\n\r\n<p>- B&aacute;nh xe l&agrave;m bằng nhựa cứng, chịu lực tốt, hạn chế sự m&agrave;i m&ograve;n&nbsp;</p>\r\n\r\n<p>- Th&iacute;ch hợp cho b&eacute; chơi ở mặt phẳng, l&aacute;ng, nhẵn&nbsp;</p>\r\n\r\n<p>- Khi di chuyển, b&eacute; chỉ cần d&ugrave;ng 2 ch&acirc;n đẩy tới&nbsp;</p>\r\n\r\n<p>- H&agrave;ng ch&iacute;nh h&atilde;ng&nbsp;</p>\r\n\r\n<p>- Xuất xứ Trung Quốc</p>\r\n\r\n<p>- K&iacute;ch thước: Cao, rộng, d&agrave;i: 38,43cm*28,7*66,16cm</p>\r\n\r\n<p>- M&agrave;u sắc: Đen, trắng, &nbsp;đỏ</p>\r\n\r\n<p>- Chất liệu: Nhựa</p>\r\n', '650000.00', 100000, 'av2-2.jpg', '[\"av2-21.jpg\"]', 0, 0, 4, 1, 1592653677),
(76, 15, 'Nhà chơi VBC-CHD-800 cho bé', '<p><strong>Nh&agrave; chơi VBC-CHD-800 cho b&eacute;&nbsp;</strong>gi&uacute;p trẻ vui chơi sảng kho&aacute;i, r&egrave;n luyện tr&iacute; th&ocirc;ng minh v&agrave; sự s&aacute;ng tạo của m&igrave;nh. Nh&agrave; chơi cho b&eacute; VBC-CHD-800 cho b&eacute; được kết hợp với nhiều mẫu đồ chơi kh&aacute;c như ng&ocirc;i nh&agrave; vui nhộn, khu vui chơi, cửa ra v&agrave;o l&agrave; sự kết hợp ho&agrave;n hảo b&eacute; y&ecirc;u r&egrave;n luyện cơ bắp v&agrave; sự s&aacute;ng tạo của m&igrave;nh khi chơi.</p>\r\n\r\n<h2>Thực sự khi b&eacute; từ 1 tuổi trở l&ecirc;n b&eacute; bắt đầu th&iacute;ch chơi những tr&ograve; chơi vận động, cầu trượt l&agrave;&nbsp;<a href=\"https://shoptretho.com.vn/danh-muc/do-choi-tre-em\">đồ chơi trẻ em</a>&nbsp;lu&ocirc;n mang lại cho b&eacute; cảm gi&aacute;c tuyệt vời khi chơi. B&eacute; c&oacute; thể chơi c&ugrave;ng những b&eacute; c&ugrave;ng trang lứa kh&aacute;c, hoặc c&oacute; thể chơi c&ugrave;ng anh em trong gia đ&igrave;nh, người th&acirc;n.</h2>\r\n\r\n<p><strong>Sự vượt trội của nh&agrave; chơi cho b&eacute; VBC-CHD-800</strong></p>\r\n\r\n<p>D&agrave;nh cho b&eacute; từ 1 tuổi trở l&ecirc;n. Sản phẩm được kiểm nghiệm an to&agrave;n tuyệt đối cho trẻ.</p>\r\n\r\n<p>Chiều cao thiết kế vừa phải, dễ d&agrave;ng cho b&eacute; vui chơi &amp; v&agrave; thể thao</p>\r\n\r\n<p>Sản phẩm c&oacute; k&iacute;ch thước: 1080 x 1080 x 1190 mm</p>\r\n\r\n<p>Nh&agrave; chơi cho b&eacute; VBC-CHD-800 tập cho b&eacute; những phản xạ tự nhi&ecirc;n, biết c&aacute;ch cầm nắm cũng như vận động cơ thể một c&aacute;ch tốt nhất.</p>\r\n\r\n<p>V&agrave;o m&ugrave;a giải tr&iacute;&nbsp; những khu vui chơi hay c&ocirc;ng vi&ecirc;n thật đ&ocirc;ng đ&uacute;c, bạn lo cho c&aacute;c b&eacute; nh&agrave; m&igrave;nh vui chơi kh&ocirc;ng được an to&agrave;n, hay cuộc sống của bạn qu&aacute; bận rộn kh&ocirc;ng thể đưa con em m&igrave;nh đi đ&acirc;u ra khỏi nh&agrave;.... để những lo &acirc;u của bạn được giải quyết với sản phẩm bộ&nbsp;<a href=\"https://shoptretho.com.vn/danh-muc/cau-truot-cho-tre-em\">cầu trượt cho b&eacute;</a>&nbsp;rất tiện lợi, c&oacute; thể gấp gọn cất đi khi kh&ocirc;ng c&oacute; nhu cầu sử dụng nữa.</p>\r\n\r\n<p>Tr&ograve; chơi cầu trượt lu&ocirc;n mang lại cho b&eacute; những tiếng cười th&uacute; vị. V&agrave; điều kh&ocirc;ng thể thiếu l&agrave; những đồ chơi đi k&egrave;m kh&aacute;c c&ugrave;ng cầu trượt l&agrave; một trong những l&yacute; do c&aacute;c bậc phụ huynh chọn cầu trượt cho b&eacute; y&ecirc;u.</p>\r\n\r\n<p>Nh&agrave; chơi cho b&eacute; VBC-CHD-800 c&ograve;n gọi l&agrave; nh&agrave; chơi cho b&eacute; (nh&agrave; banh) ng&ocirc;i nh&agrave; được thiết kế chắc chắn c&oacute; cửa ra v&agrave;o kết hợp với những quả banh đầy m&agrave;u sắc gi&uacute;p b&eacute; th&iacute;ch th&uacute; hơn khi chơi một m&igrave;nh. Ngo&agrave;i ra nh&agrave; chơi n&agrave;y c&oacute; k&iacute;ch thước lớn c&oacute; thể chơi c&ugrave;ng nhiều bạn b&egrave;.</p>\r\n', '3200000.00', 150000, 'nha-choi-vbc-chd-800-cho-be.jpg', '[\"nha-choi-vbc-chd-800-cho-be1.jpg\"]', 1, 0, 4, 1, 1592655377),
(77, 15, 'Xe trượt 3 bánh ShengOu', '<p>Đường k&iacute;nh b&aacute;nh xe: 10 cm v&agrave; 12 cm</p>\r\n\r\n<p>Trọng lượng: 2kg</p>\r\n\r\n<p>Tải trọng: 40kg</p>\r\n\r\n<p>Chất liệu khung: Sắt</p>\r\n\r\n<p>Phần nằm ngang của xe được trang tr&iacute; nhiều m&agrave;u sắc bắt mắt</p>\r\n\r\n<p>B&aacute;nh xe được thiết kế chắc chắn kh&ocirc;ng bị rơi rớt đảm bảo an to&agrave;n tuyệt đối cho b&eacute;</p>\r\n\r\n<p>Độ cao xe c&oacute; thể điều chỉnh được ở c&aacute;c độ cao kh&aacute;c nhau: 55 - 65 - 72 - 77 cm</p>\r\n\r\n<p>Độ tuổi: c&oacute; thể sử dụng cho b&eacute; từ 3-12 tuổi</p>\r\n\r\n<p>Tay l&aacute;i c&oacute; thể điều chỉnh l&ecirc;n xuống cho cấp độ cao kh&aacute;c nhau của người sử dụng</p>\r\n\r\n<p>Xuất xứ: Trung Quốc</p>\r\n', '320000.00', 20000, 'xe-truot-3-banh-shengou-1.jpg', '[\"xe-truot-3-banh-shengou-11.jpg\"]', 1, 0, 4, 1, 1592655827),
(80, 16, 'Hộp búp bê Anna Elsa kèm phụ kiện 101-1', '', '250000.00', 40000, 'hop-bup-be-anna.jpg', '[\"hop-bup-be-anna1.jpg\"]', 1, 0, 4, 1, 1592656427),
(79, 16, 'Hộp búp bê Elsa kèm phụ kiện 669AB', '', '270000.00', 20000, 'hop-bup-be-elsa-kem-phu-kien-669ab-1.jpg', '[\"hop-bup-be-elsa-kem-phu-kien-669ab-2.jpg\"]', 1, 0, 4, 1, 1592656275),
(81, 17, 'Đồ chơi nấu ăn cho bé 24 chi tiết cỡ lớn 5696-G', '', '230000.00', 20000, 'do-choi-nau-an-cho-be-5696-g-9.jpg', '[\"do-choi-nau-an-cho-be-5696-g-2.jpg\",\"do-choi-nau-an-cho-be-5696-g-4.jpg\",\"do-choi-nau-an-cho-be-5696-g-5.jpg\",\"do-choi-nau-an-cho-be-5696-g-8.jpg\"]', 1, 0, 4, 1, 1592656553),
(82, 17, 'Đồ chơi nấu ăn cỡ lớn cao cấp nhiều chức năng cho bé 889-162', '', '839000.00', 150000, '889-162-bep-nau-an-co-lon-cho-be.jpg', '[\"889-161-do-choi-nau-an-co-lon-cho-be-5.jpg\",\"889-167-do-choi-nau-an-600x600-2.jpg\",\"889-167-do-choi-nau-an-600x600-3.jpg\"]', 0, 0, 4, 1, 1592656601),
(83, 17, 'Đồ chơi xe đẩy bán kem cỡ lớn có nhạc 668-52', '', '930000.00', 250000, '668-52-do-choi-xe-day-ban-kem-cho-be.jpg', '[]', 0, 0, 4, 1, 1592656643),
(84, 18, 'Đồ chơi âm nhạc đàn piano BB375', '', '320000.00', 20000, 'bb375-do-choi-dan-am-nhac-piano-cho-be.jpg', '[\"bb375-dan-am-nhac-cho-be.jpg\",\"bb375-do-choi-dan-am-nhac-piano-cho-be1.jpg\",\"bb375-do-choi-dan-am-nhac-piano-cho-be-6.jpg\"]', 0, 0, 4, 1, 1592657029),
(85, 18, 'Bộ đồ chơi trống cỡ to 7 chi tiết 6612A-6', '', '549000.00', 49000, 'bo-do-choi-trong-co-to-7-chi-tiet-6613a-6-1.jpg', '[\"bo-do-choi-trong-co-to-7-chi-tiet-6613a-6-1-1.jpg\",\"bo-do-choi-trong-co-to-7-chi-tiet-6613a-6-3.jpg\"]', 0, 0, 4, 1, 1592657085),
(86, 19, 'Treo nôi treo cũi có nhạc cho bé BBT Global 2014-12', '', '590000.00', 15000, '2014-12-do-choi-treo-noi-treo-cui-cho-be.jpg', '[\"2014-12-do-choi-treo-noi-treo-cui-cho-be1.jpg\"]', 0, 0, 4, 1, 1592657147),
(87, 19, 'Đồ chơi đồng hồ thông minh học tiếng Anh 2012-20A', '', '160000.00', 10000, 'do-choi-cho-be-2012-20a.png', '[\"do-choi-cho-be-2012-20a1.png\"]', 1, 0, 4, 1, 1592657176),
(88, 19, 'Kệ chữ A cỡ đại cao cấp A2012-25A', '', '460000.00', 120000, 'ke-chu-a-2012-25a.jpg', '[]', 0, 0, 4, 1, 1592657208),
(89, 20, 'Đồ chơi trang điểm xách tay 8231', '', '420000.00', 200000, '8231-do-choi-trang-diem-cho-be.jpg', '[\"8231-do-choi-trang-diem-cho-be-2.jpg\"]', 0, 0, 4, 1, 1592657255),
(90, 20, 'Đồ chơi trang điểm cho bé màu xanh ngọc 008-906', '', '250000.00', 50000, '008-906-do-choi-trang-diem-cho-be.jpg', '[\"008-906-do-choi-trang-diem-cho-be-4.jpg\"]', 0, 0, 4, 1, 1592657311),
(91, 20, 'Đồ chơi túi xách trang điểm cho bé 008-933A', '', '159000.00', 59000, '008-933a-do-choi-trang-dem-deo-cheo-vai.jpg', '[\"008-933a-do-choi-trang-diem-cho-be-1.jpg\"]', 0, 0, 4, 1, 1592657341),
(92, 21, 'Đồ chơi sửa chữa xách tay 8016', '', '250000.00', 120000, 'do-choi-sua-chua-8016.jpg', '[]', 0, 0, 4, 1, 1592657386),
(93, 21, 'Bộ đồ chơi bác sỹ xe đẩy cao cấp 660-45', '', '200000.00', 20000, 'do-choi-bac-sy-cho-be-660-45.jpg', '[]', 0, 0, 4, 1, 1592657422),
(94, 25, 'Bộ đồ chơi xếp hình siêu nhân cho bé 2000ABCD', '', '350000.00', 100000, '2000abcd-do-choi-xep-hinh-o-to-sieu-nhan-cho-be-2.jpg', '[\"2000abcd-do-choi-xep-hinh-o-to-sieu-nhan-cho-be.jpg\",\"2000abcd-do-choi-xep-hinh-o-to-sieu-nhan-cho-be-3.jpg\",\"2000abcd-do-choi-xep-hinh-o-to-sieu-nhan-cho-be-5.jpg\"]', 0, 0, 4, 1, 1592657555),
(95, 25, 'Xếp hình đội trưởng Mỹ bản lĩnh Captain America 8006', '', '150000.00', 10000, 'bo-do-choi-mini-sieu-nhan-cho-be-8006.jpg', '[]', 0, 0, 4, 1, 1592657588),
(96, 26, 'Đồ chơi minion bay QF388-1', '', '150000.00', 20000, 'do-choi-minion-bay-qf388-1.jpg', '[\"do-choi-minion-bay.jpg\"]', 0, 0, 4, 1, 1592657638),
(97, 26, 'Công viên trượt tuyết chim cánh cụt leo cầu thang 777-3', '', '200000.00', 50000, '777-3-chim-canh-cut-truot-tuyet-4.jpg', '[\"777-3-chim-canh-cut-truot-tuyet-1.jpg\"]', 0, 0, 4, 1, 1592657679),
(98, 27, 'Mô hình công viên trò chơi tốc độ 2166A', '', '260000.00', 100000, '2166a-do-choi-xep-hinh-thong-minh-cho-be.jpg', '[]', 0, 0, 4, 1, 1592661207),
(99, 27, 'Xếp hình thông minh mô hình cảnh sát 5130', '', '360000.00', 120000, 'do-choi-xep-hinh-thong-minh-5130-1.png', '[]', 0, 0, 4, 1, 1592661251),
(100, 27, 'Bộ đồ chơi xếp hình cao cấp kỹ sư công trình CGBX4115', '', '240000.00', 100000, 'bo-do-choi-xep-hinh-cho-be-4115.jpg', '[]', 0, 0, 4, 1, 1592661300),
(101, 27, 'Bộ đồ chơi xếp hình thả bóng thông minh 68078', '', '350000.00', 150000, 'do-choi-xep-hinh-tha-bong-thong-minh-68078.jpg', '[]', 0, 0, 4, 1, 1592661341),
(102, 28, 'Bộ cờ vua vàng bạc nam châm size 48cm QX9816', '', '100000.00', 10000, 'do-choi-ban-co-cho-be.jpg', '[]', 0, 0, 4, 1, 1592661747),
(103, 28, 'Đồng hồ LED thời trang thông minh W8801', '', '300000.00', 100000, 'dong-ho-led-thoi-trang-w8801.png', '[]', 0, 0, 4, 1, 1592661812),
(104, 28, 'Bảng tập vẽ cho bé xoay 360 độ 676', '', '240000.00', 100000, 'bang-hoc-ve-cho-be-676.jpg', '[]', 0, 0, 4, 1, 1592661864),
(105, 28, 'Bộ chữ và số nam châm cho bé', '', '30000.00', 5000, 'snc-so-nam-cham-cho-be.jpg', '[]', 0, 0, 4, 1, 1592661896),
(106, 29, 'Đồ chơi câu cá có nhạc vui nhộn 1567-7C', '', '50000.00', 5000, '1567-7c-do-choi-cau-ca-cho-be.jpg', '[]', 0, 0, 4, 1, 1592661951),
(107, 29, 'Đồ chơi câu cá 2 tầng 3D có nhạc 1567-3c', '', '250000.00', 100000, 'do-choi-cau-ca-3d-1567-3c.jpg', '[]', 1, 0, 4, 1, 1592662096),
(108, 29, 'Đồ chơi xúc cát ô tô và dụng cụ 359', '', '150000.00', 10000, 'o-to-do-choi-xuc-cat-359.jpg', '[]', 0, 0, 4, 1, 1592662124),
(109, 30, 'Nhà bóng trẻ em tiệm bánh ngọt mẫu mới 995-7070A', '', '450000.00', 100000, '995-7070a-nha-bong-cho-be-2.jpg', '[]', 0, 0, 4, 1, 1592662274),
(110, 30, 'Nhà bóng công chúa lớn cho bé có rèm 140cm 1385', '', '290000.00', 100000, '1385-nha-bong-cong-chua-cho-be-2.jpg', '[]', 0, 0, 4, 1, 1592662376),
(111, 30, 'Quây bóng cho bé Hello Kitty có ném bóng rổ A999-223A', '', '1500000.00', 1000000, 'nha-bong-hello-kitty-cho-be-a999-223a.jpg', '[\"a999-223-nha-bong-cho-be-bbt-global-2.jpg\"]', 0, 0, 4, 1, 1592662672),
(112, 30, 'Nhà bóng chui ống 3 khoang ngôi nhà của gấu 995-7093C', '', '850000.00', 150000, '995-7093c-nha-bong-cho-be-1.jpg', '[]', 0, 0, 4, 1, 1592662746),
(113, 31, 'Cầu trượt đơn máng dài 1m7 cho bé BBT GLOBAL BSL308', '', '1150000.00', 150000, 'bsl308-cau-truot-mang-dai-cho-be-1.jpg', '[\"bsl308x-cau-truot-cho-be-1.jpg\"]', 0, 0, 4, 1, 1592662812),
(114, 31, 'Cầu trượt xích đu máng dài 180cm BBT Global BSL310', '', '1590000.00', 150000, 'bsl310-cau-truot-xich-du-mang-dai-cho-be-7-1.jpg', '[\"bsl310-cau-truot-xich-du-mang-dai-cho-be-5-1.jpg\"]', 0, 0, 4, 1, 1592663024),
(115, 31, 'Nhà chơi cầu trượt Hàn Quốc cho bé CHD801', '', '3590000.00', 1500000, 'chd801-nha-choi-cau-truot-han-quoc-bbt-global.jpg', '[]', 0, 0, 4, 1, 1592663068),
(116, 31, 'Cầu trượt cho bé có xích đu liên hoàn ZK1007', '', '2590000.00', 1500000, 'zk1007-cau-truot-xich-du-bbt-global.jpg', '[\"cua-truot-trung-quoc-zk1007-1.jpg\",\"zk1007-cau-truot-xich-du-cho-be.jpg\"]', 0, 0, 4, 1, 1592663138),
(117, 32, 'Nhà chơi cầu trượt bể bóng Hàn Quốc kèm bóng rổ CHD808', '', '5190000.00', 2500000, 'chd808-nha-choi-han-quoc-bbt-global-cho-be-co-cau-truot-va-ban-ghe.jpg', '[]', 3, 0, 4, 1, 1592663797),
(118, 32, 'Nhà chơi cầu trượt Hàn Quốc cho bé CHD351', '', '3190000.00', 2500000, 'chd351-cau-truot-han-quoc-chinh-hang-bbt-global.jpg', '[]', 1, 0, 4, 1, 1592663833),
(119, 32, 'Nhà nhựa Hàn Quốc kèm kèm bàn ghế mầu ghi xám HN705G', '', '4520000.00', 1200000, 'hn705-nha-choi-han-quoc-bbt-global-cho-be-3.jpg', '[]', 0, 0, 4, 1, 1592663875),
(120, 32, 'Nhà chơi cầu trượt kèm bàn ghế Hàn Quốc cho bé HN777', '', '4900000.00', 1800000, 'hn777-nha-choi-han-quoc-bbt-global-cho-be-1.jpg', '[]', 0, 0, 4, 1, 1592663920),
(121, 33, 'Quây bóng hình trăng sao BBT Global cao cấp BR9508', '', '1790000.00', 1000000, 'br9508-10-quay-bong-sac-mau-bbt-global-mau-moi.jpg', '[\"br9508-quay-bong-sac-mau-bbt-global-mau-moi.jpg\"]', 0, 0, 4, 1, 1592664040),
(122, 33, 'Combo Quây bóng cầu trượt xích đu gấp gọn BSL306', '', '4192000.00', 1800000, 'bsl306-cau-truot-quay-bong-bbt-global.jpg', '[]', 0, 0, 4, 1, 1592664629),
(123, 33, 'Quây bóng nhựa/Bể chơi hạt muồng vuông cỡ lớn BG9303', '', '6100000.00', 2500000, 'bg9303-be-bong-sac-mau-1.jpg', '[]', 0, 0, 4, 1, 1592664679),
(124, 33, 'Quây bóng cho bé chú Voi xanh có ném bóng rổ 995-7103A', '', '5900000.00', 1800000, '995-7103a-nha-bong-cho-be-3.jpg', '[\"995-7103a-nha-bong-cho-be-1.jpg\"]', 0, 0, 4, 1, 1592664729),
(125, 35, 'Giầy trượt Patin Cougar 1 bánh phát sáng 835LSG', '', '2100000.00', 1200000, '835lsg-giay-truot-patin-chinh-hang-cougar-mau-do.jpg', '[\"mzs835lsg-giay-truot-patin-cho-be-chinh-hang-cougar.jpg\"]', 0, 0, 4, 1, 1592664790),
(126, 35, 'Giày trượt patin Cougar 4 bánh phát sáng MZS835LQS', '', '2500000.00', 1200000, 'mzs835lqs-giay-truot-patin-banh-phat-sang-cho-be-xanh-den-1-1.jpg', '[\"mzs835lqs-giay-truot-patin-banh-phat-sang-cho-be-xanh-den-3.jpg\"]', 0, 0, 4, 1, 1592664832),
(127, 35, 'Giày trượt patin chính hãng cougar cao cấp MZS777', '', '1500000.00', 500000, 'gia-truot-patin-chinh-hang-cougar-cho-be-mzs777-x.jpg', '[\"giay-truot-patin-chinh-hang-cougar-cao-cap-mzs777.gif\"]', 0, 0, 4, 1, 1592664871),
(128, 35, 'Bộ giầy, mũ, bảo vệ, túi Patin Cougar cao cấp MZS898B', '', '900000.00', 100000, 'mzs898b-giay-truot-patin-chinh-hang-cougar-den-vang.jpg', '[\"mzs898b-giay-truot-patin-chinh-hang-cougar-den-vang-1.jpg\"]', 0, 0, 4, 1, 1592664910),
(129, 34, 'Ngựa bập bênh kết hợp xe chòi chân có nhạc cho bé RK-511', '', '890000.00', 190000, 'rk-511-bap-benh-ket-hop-xe-choi-chan-cho-be-hong.jpg', '[\"rk-511-bap-benh-ngua-ket-hop-choi-chan-cho-be-1.jpg\"]', 0, 0, 4, 1, 1592664950),
(130, 34, 'Ngựa bập bênh kết hợp chòi chân có đèn và nhạc RK-514', '', '450000.00', 120000, 'rk-514-ngua-bap-benh-ket-hop-choi-chan-co-nhac-mau-xanh.jpg', '[\"rk-514-ngua-bap-benh-ket-hop-choi-chan-co-nhac-mau-xanh-4.jpg\"]', 0, 0, 4, 1, 1592664988),
(131, 34, 'Bập bênh kết hợp xe chòi chân thú bông ngựa nâu RK-501B', '', '590000.00', 125000, 'rk-501b-bap-benh-ngua-bong-cho-be.jpg', '[]', 0, 0, 4, 1, 1592665034),
(132, 34, 'Bập bênh Voi đơn nhập khẩu ZK1032', '', '450000.00', 100000, 'bap-benh-voi-cho-be-zk1032.jpg', '[]', 0, 0, 4, 1, 1592665238),
(133, 37, 'Ghế ngồi tai thỏ đáng yêu cho bé GH01', '', '250000.00', 50000, 'gh01-ghe-tai-tho-cho-be-gai-mau-moi.jpg', '[\"gh01-ghe-tai-tho-cho-be-xanh-la.jpg\"]', 0, 0, 4, 1, 1592665439),
(134, 37, 'Bộ bàn ghế BBT Global cho bé TBC-6606', '', '390000.00', 100000, '6606-ban-ghe-cho-be-4-small.jpg', '[\"6606-ban-ghe-cho-be-2.jpg\",\"6606-ban-ghe-cho-be-3.jpg\"]', 0, 0, 4, 1, 1592665486),
(135, 37, 'Bàn oval lớn sắc mầu nhập khẩu KXZY-011', '', '2100000.00', 800000, 'ban-oval-lon-sac-mau-nhap-khau-kxzy-011.png', '[]', 0, 0, 4, 1, 1592665525),
(136, 37, 'Bàn chữ nhật nhập khẩu ZK1016', '', '1500000.00', 500000, 'ban-chu-nhat-nhap-khau-kxzy-016.png', '[]', 0, 0, 4, 1, 1592665570),
(137, 38, 'Giá kệ để đồ chơi và đồ dùng cho bé BBT Global SH9603', '', '1050000.00', 200000, 'sh9603-ke-do-choi-cho-be-3-ngan-co-lon-1.jpg', '[\"sh9603-ke-do-choi-cho-be-3-ngan-co-lon-mau-hong-1.jpg\"]', 0, 0, 4, 1, 1592665627),
(138, 38, 'Kệ để đồ chơi đôi cho bé màu xanh SH9602-2', '', '1500000.00', 200000, 'sh9602-2-ke-de-do-choi-cho-be-bbt-global-1.jpg', '[]', 0, 0, 4, 1, 1592665669),
(139, 38, 'Giá để sách KXHT-060', '', '1200000.00', 200000, 'gia-de-sach-kxht-060.jpg', '[]', 0, 0, 4, 1, 1592665700),
(140, 38, 'Kệ để đồ chơi cho bé cỡ lớn màu xanh SH9602-3', '', '1550000.00', 100000, 'sh9602-3-ke-de-do-choi-cho-be-bbt-global-3.jpg', '[]', 0, 0, 4, 1, 1592665906),
(141, 39, 'Giường đệm hơi INTEX 66810', '', '2500000.00', 1000000, '66810-dem-hoi-tre-em.jpg', '[]', 0, 0, 4, 1, 1592666009),
(142, 39, 'Vali trẻ em bé gái chị em Elsa 18 inch VL18-G2', '', '250000.00', 50000, 'vl18-g-vali-du-lich-keo-tay-cho-be-gai-3.jpg', '[]', 0, 0, 4, 1, 1592666045),
(143, 39, 'Đệm hơi trẻ em INTEX 88cm 66801', '', '399000.00', 199000, 'giuongdemhoi-48771.png', '[]', 0, 0, 4, 1, 1592666079),
(144, 39, 'Gối hơi trẻ em INTEX 68678', '', '80000.00', 5000, 'goi-hoi-tre-em-intex-68678-1.jpg', '[\"goi-hoi-tre-em-intex-68678-2.jpg\"]', 0, 0, 4, 1, 1592666110),
(145, 39, 'Vali trẻ em bé trai hình siêu nhân 18 inch VL18-T1', '', '450000.00', 150000, 'vl18-t-vali-du-lich-keo-tay-cho-be-trai.jpg', '[]', 0, 0, 4, 1, 1592666211),
(147, 42, 'Xe chòi chân Luddy 1003 Captain America', '', '565000.00', 50000, 'D_-th_ng-Mini-Glide-Xe-D_p-Be-Be-Can-B_ng-Walker-V_i-Banh-Xe-Khong-Foot_1024x1024.jpg', '[]', 0, 0, 4, 1, 1592668552),
(148, 42, 'Xe chòi chân Disney cho bé', '', '560000.00', 100000, 'xe_choi_ong.jpg', '[]', 0, 0, 4, 1, 1592668742),
(149, 42, 'Xe chòi chân Luddy 1006 Kumamon', '', '589000.00', 50000, 'xe_do.jpg', '[]', 0, 0, 4, 1, 1592668793),
(150, 42, 'Xe chòi chân Luddy 1003 vịt Bduck hồng', '', '600000.00', 120000, 'xe_hog.jpg', '[]', 0, 0, 4, 1, 1592668867),
(151, 42, 'Xe chòi chân Luddy 1006 màu cam', '', '700000.00', 150000, 'Xe_cam.jpg', '[]', 0, 0, 4, 1, 1592668912),
(152, 43, 'Xe scooter 3 bánh cho bé 21st Scooter RO203L - Hồng', '', '700000.00', 130000, 'Xe_co_hong.jpg', '[]', 0, 0, 4, 1, 1592668986),
(153, 43, 'Xe scooter 3 bánh cho bé 21st Scooter RO203L - Đen', '', '800000.00', 150000, 'Xe_Co_Den.jpg', '[]', 0, 0, 4, 1, 1592669031),
(154, 43, 'Xe scooter 3 bánh cho bé 21st Scooter RO203L - Vàng Chanh', '', '800000.00', 150000, 'Xe_Co_vang.jpg', '[]', 0, 0, 4, 1, 1592669079),
(155, 43, 'Xe scooter 3 bánh cho bé 21st Scooter RO203L - Blue', '', '800000.00', 150000, 'Xe_Co_Xanh.jpg', '[]', 2, 0, 4, 1, 1592669115),
(156, 43, 'Xe scooter 3 bánh cho bé 21st Scooter RO203L - Đỏ', '', '800000.00', 150000, 'Xe_Co_Do.jpg', '[]', 3, 0, 4, 1, 1592669148),
(157, 43, 'Xe scooter 3 bánh cho bé 21st Scooter RO203L - Cam', '', '800000.00', 150000, 'Xe_Co_Cam.jpg', '[]', 4, 0, 4, 1, 1592669213);

-- --------------------------------------------------------

--
-- Table structure for table `slider`
--

DROP TABLE IF EXISTS `slider`;
CREATE TABLE IF NOT EXISTS `slider` (
  `id` int(11) NOT NULL AUTO_INCREMENT,
  `name` varchar(100) COLLATE utf8_unicode_ci NOT NULL,
  `image_link` varchar(100) COLLATE utf8_unicode_ci NOT NULL,
  `link` varchar(100) COLLATE utf8_unicode_ci NOT NULL,
  `sort_order` int(11) NOT NULL,
  `created` datetime NOT NULL,
  PRIMARY KEY (`id`)
) ENGINE=MyISAM AUTO_INCREMENT=7 DEFAULT CHARSET=utf8 COLLATE=utf8_unicode_ci;

--
-- Dumping data for table `slider`
--

INSERT INTO `slider` (`id`, `name`, `image_link`, `link`, `sort_order`, `created`) VALUES
(1, '1', 'He-da-sang-uu-dai-ca-thang-mn_01.png', 'http://localhost/webshop/', 1, '2017-04-25 15:24:43'),
(4, '2', 'khuyen-mai-goon-premium-4.png', 'http://localhost/webshop/', 2, '2017-04-25 15:36:41'),
(5, '3', 'khuyen-mai-meiji-thang-6-4.png', 'http://localhost/webshop/', 3, '2017-04-25 15:37:00'),
(6, '4', 'khuyen-mai-goon-mien-nam-3.png', 'http://localhost/webshop/', 4, '2020-06-20 10:03:36');

-- --------------------------------------------------------

--
-- Table structure for table `transaction`
--

DROP TABLE IF EXISTS `transaction`;
CREATE TABLE IF NOT EXISTS `transaction` (
  `id` int(11) NOT NULL AUTO_INCREMENT,
  `status` int(11) NOT NULL DEFAULT 0,
  `user_id` int(11) NOT NULL DEFAULT 0,
  `user_name` varchar(100) COLLATE utf8_unicode_ci NOT NULL,
  `user_email` varchar(100) COLLATE utf8_unicode_ci NOT NULL,
  `user_phone` varchar(100) COLLATE utf8_unicode_ci NOT NULL,
  `user_address` varchar(100) COLLATE utf8_unicode_ci NOT NULL,
  `message` varchar(255) COLLATE utf8_unicode_ci NOT NULL,
  `amount` decimal(15,2) NOT NULL DEFAULT 0.00,
  `payment` varchar(32) COLLATE utf8_unicode_ci NOT NULL,
  `created` int(11) NOT NULL,
  PRIMARY KEY (`id`)
) ENGINE=MyISAM AUTO_INCREMENT=14 DEFAULT CHARSET=utf8 COLLATE=utf8_unicode_ci;

-- --------------------------------------------------------

--
-- Table structure for table `user`
--

DROP TABLE IF EXISTS `user`;
CREATE TABLE IF NOT EXISTS `user` (
  `id` int(11) NOT NULL AUTO_INCREMENT,
  `name` varchar(100) COLLATE utf8_unicode_ci NOT NULL,
  `email` varchar(50) COLLATE utf8_unicode_ci NOT NULL,
  `password` varchar(50) COLLATE utf8_unicode_ci NOT NULL,
  `phone` varchar(15) COLLATE utf8_unicode_ci NOT NULL,
  `address` varchar(255) COLLATE utf8_unicode_ci NOT NULL,
  `created` int(11) NOT NULL,
  PRIMARY KEY (`id`)
) ENGINE=MyISAM AUTO_INCREMENT=10 DEFAULT CHARSET=utf8 COLLATE=utf8_unicode_ci;
COMMIT;

/*!40101 SET CHARACTER_SET_CLIENT=@OLD_CHARACTER_SET_CLIENT */;
/*!40101 SET CHARACTER_SET_RESULTS=@OLD_CHARACTER_SET_RESULTS */;
/*!40101 SET COLLATION_CONNECTION=@OLD_COLLATION_CONNECTION */;
